TITULO DEL PROYECTO,MUNICIPIO,FECHA,CATEGORIA,Unnamed: 4,COORDENADAS,LAT,LON,LAT_MUNICIPIO,LON_MUNICIPIO,LAT_GENERADA,LON_GENERADA
"DOCUMENTO AMBIENTAL PARA LA EVALUACIÓN DE IMPACTO AMBIENTAL DEL PROYECTO CONSOLIDACIÓN Y MEJORA DE LOS REGADÍOS DEL VALLE DE GÜÍMAR, TT.MM. DE GÜÍMAR, ARAFO Y CANDELARIA: RED DE RIEGO DE AGUAS REGENERADAS, 1ª FASE (TENERIFE).",GÜIMAR,EN REDACCION,MEDIOAMBIENTE,,"28.291565, -16.629129",28.291565,-16.629129,28.495565,-16.425129000000002,28.495565,-16.425129000000002
"DOCUMENTO AMBIENTAL PARA LA EVALUACIÓN DE IMPACTO AMBIENTAL SIMPLIFICADA DEL PROYECTO DE DE PARQUE REGENERATIVO UNDERWATER GARDEN PARK TENERIFE. (GUÍA DE ISORA, TENERIFE)",GUIA DE ISORA,EN REDACCION,MEDIOAMBIENTE,,"28.293565, -16.627129",28.293565,-16.627129,28.473031666666667,-16.447662333333334,28.473031666666667,-16.447662333333334
"DOCUMENTO AMBIENTAL PARA LA EVALUACIÓN DE IMPACTO AMBIENTAL DE CANTERA EL POZITO (VILLA DE MAZO, LA PALMA).",VILLA DE MAZO,EN REDACCION,MEDIOAMBIENTE,,"28.666700, -17.866700",28.6667,-17.8667,28.6897,-17.843700000000002,28.6897,-17.843700000000002
"ESTUDIO ANUAL DE FAUNA DEL ÁMBITO DEL PROYECTO DE INTERÉS INSULAR PARQUE REGENERATIVO UNDERWATER GARDENS PARK TENERIFE (PUNTA BLANCA, GUÍA DE ISORA, TENERIFE)",GUIA DE ISORA,EN REDACCION,MEDIOAMBIENTE,,"28.295565, -16.625129",28.295565,-16.625129,28.473031666666667,-16.447662333333334,28.473031666666667,-16.447662333333334
DOCUMENTO AMBIENTAL PARA LA EVALUACIÓN DE IMPACTO AMBIENTAL DE PROYECTO PARQUE INUNDABLE SAN CRISTÓBAL DE LA LAGUNA (TENERIFE),SAN CRISTOBAL DE LA LAGUNA,EN REDACCION,MEDIOAMBIENTE,,"28.297565, -16.623129",28.297565,-16.623129,28.51233423076923,-16.408359769230767,28.51233423076923,-16.408359769230767
"DOCUMENTO AMBIENTAL PARA LA EVALUACIÓN DE IMPACTO AMBIENTAL DEL PROYECTO DE EXPLOTACIÓN DE LAPILLI “LA MESITA” (GRANADILLA DE ABONA, TENERIFE)",GRANADILLA DE ABONA,EN REDACCION,MEDIOAMBIENTE,,"28.299565, -16.621129",28.299565,-16.621129,28.416898333333336,-16.503795666666665,28.416898333333336,-16.503795666666665
"REDACCIÓN DE DOCUMENTO AMBIENTAL DE PROYECTO PROTECCIÓN DE LITORAL (TAZACORTE, LA PALMA)",TAZACORTE,EN REDACCION,MEDIOAMBIENTE,,"28.668700, -17.864700",28.6687,-17.8647,28.667321666666666,-17.328509666666665,28.667321666666666,-17.328509666666665
"EVALUACIÓN DE IMPACTO AMBIENTAL Y ASESORAMIENTO TERRITORIAL EN EL REDACCIÓN DEL PROYECTO DE INTERCAMBIADOR DE LOS CRISTIANOS Y SOTERRAMIENTO DE LA AVENIDA CHAYOFITA, TM DE ARONA. Proyecto redactado por: Palerm & Tabares de Nava Arquitectos S.L.P.",ARONA,EN REDACCION,MEDIOAMBIENTE,,"28.301565, -16.619129",28.301565,-16.619129,28.319565,-16.601129,28.319565,-16.601129
"COLABORACIÓN COMO ASESOR AMBIENTAL EN EL PROYECTO DE MEJORA DE LAS INFRAESTRUCTURAS Y DESARROLLO DEL PRODUCTO BIRD WATCHING (LOTE 3: COMARCA DEL SURESTE, TENERIFE, ISLAS CANARIAS). Proyecto redactado por: Burgos & Garrido Arquitectos.",FASNIA,EN REDACCION,MEDIOAMBIENTE,,"28.303565, -16.617129",28.303565,-16.617129,28.303565,-16.617129,28.303565,-16.617129
DOCUMENTO AMBIENTAL PARA LA EVALUACIÓN DE IMPACTO AMBIENTAL SIMPLIFICADA DEL PROYECTO DE REDUCCIÓN DE RIESGO DE DESPRENDIMIENTOS EN LA PLAYA DE BENIJO. T.M. DE SANTA CRUZ DE TENERIFE,SANTA CRUZ DE TENERIFE,2025,MEDIOAMBIENTE,,"28.305565, -16.615129",28.305565,-16.615129,28.583479893617024,-16.33721410638298,28.583479893617024,-16.33721410638298
"NUEVO INVENTARIO (CENSO) DE AVIFAUNA PRESENTE EN EL ÁMBITO DE LA ACTUACIÓN DENOMINADA “CIRCUNVALACIÓN SAN SEBASTIÁN-HOSPITAL-ÁVALOS (FASE 2ª) TRAMO: CONEXIÓN GM-1-VÍA DE ACCESO A LA LOMADA-LOMO DEL CLAVO/ÁVALOS (LA GOMERA), EN CUMPLIMIENTO DEL CONDICIONANTE Nº 8 DE SU DECLARACIÓN DE IMPACTO AMBIENTAL",SAN SEBASTIAN ,2025,MEDIOAMBIENTE,,"28.116667, -17.216667",28.116667,-17.216667,28.119333666666666,-17.214000333333335,28.119333666666666,-17.214000333333335
DOCUMENTO AMBIENTAL PARA LA EVALUACIÓN DE IMPACTO AMBIENTAL SIMPLIFICADA DEL PROYECTO DE INSTALACIONES PARA UNA PLANTA DE VALORIZACIÓN DE RESIDUOS ORGÁNICOS (PLANTA DE COMPOSTAJE) EN OROTEANDA -LA BALSA (ARONA – TENERIFE),ARONA,2024,MEDIOAMBIENTE,,"28.307565, -16.613129",28.307565,-16.613129,28.319565,-16.601129,28.319565,-16.601129
"DOCUMENTO AMBIENTAL PARA LA EVALUACIÓN DE IMPACTO AMBIENTAL DEL PROYECTO DE TRAZADO DE NUEVA VÍA ""AVENIDA DEL ATLÁNTICO"" (LAS GALLETAS, ARONA – TENERIFE)",ARONA,2024,MEDIOAMBIENTE,,"28.309565, -16.611129",28.309565,-16.611129,28.319565,-16.601129,28.319565,-16.601129
"DOCUMENTO AMBIENTAL PARA LA EVALUACIÓN DE IMPACTO AMBIENTAL SIMPLIFICADA DEL PROYECTO DE VILLA TURÍSTICA (MONTAÑA DE LA PAVONA, BREÑA BAJA, LA PALMA).",BREÑA BAJA,2024,MEDIOAMBIENTE,,"28.670700, -17.862700",28.6707,-17.8627,28.6707,-17.8627,28.6707,-17.8627
"DOCUMENTO AMBIENTAL PARA LA EVALUACIÓN DE IMPACTO AMBIENTAL SIMPLIFICADA DEL MODIFICADO DE PROYECTO DE URBANIZACIÓN PARA LA ADAPTACIÓN DEL SECTOR 3 AL II PMMIC EN EL ÁMBITO DEL ARU-3 DEL PGOU-89 (ANTIGUA, FUERTEVENTURA)",ANTIGUA,2024,MEDIOAMBIENTE,,"28.333300, -14.016700",28.3333,-14.0167,28.3428,-14.007200000000001,28.3428,-14.007200000000001
REDACCIÓN DE ANEJO DE CONTESTACIÓN DE INFORMES AL DOCUMENTO DE EVALUACIÓN AMBIENTAL DEL PROYECTO DE MODERNIZACIÓN Y MEJORA DE LOS REGADÍOS DE LA ZONA NORDESTE DE LANZAROTE. TT.MM. DE TINAJO Y TEGUISE.,TINAJO,2024,MEDIOAMBIENTE,,"29.035000, -13.633000",29.035,-13.633,29.036,-13.632,29.036,-13.632
REDACCIÓN DEL ESTUDIO DE IMPACTO AMBIENTAL DEL PROYECTO DE REMODELACIÓN DEL REFUGIO ALTAVISTA EN EL TEIDE (TENERIFE),LA OROTAVA,2024,MEDIOAMBIENTE,,"28.311565, -16.609129",28.311565,-16.609129,28.497485,-16.423209,28.497485,-16.423209
REDACCIÓN DE ANEJO DE EVALUACIÓN AMBIENTAL DE LA ALTERNATIVA DE VERTIDO DE SALMUERA EN POZO FILTRANTE DEL PROYECTO DE MODERNIZACIÓN Y MEJORA DE LOS REGADÍOS DE LA ZONA NORDESTE DE LANZAROTE. TT.MM. DE TINAJO Y TEGUISE.,TINAJO,2024,MEDIOAMBIENTE,,"29.037000, -13.631000",29.037,-13.631,29.036,-13.632,29.036,-13.632
"EVALUACIÓN DE IMPACTO AMBIENTAL SIMPLIFICADA DEL PROYECTO ESPECÍFICO SOBRE PREVENCIÓN Y CONTAMINACIÓN ATMOSFÉRICA: EXPLOTACIÓN Y TRATAMIENTO DE ÁRIDOS Y VALORIZACIÓN DE RESIDUOS NO PELIGROSOS (ARCHIPENQUE, ARICO).",ARICO,2024,MEDIOAMBIENTE,,"28.313565, -16.607129",28.313565,-16.607129,28.485038684210526,-16.43565531578947,28.485038684210526,-16.43565531578947
ESTUDIO DE IMPACTO AMBIENTAL PARA EL PROYECTO DE AMPLIACIÓN DE LA CONCESIÓN DIRECTA DE EXPLOTACIÓN – CDE-C101 “PIEDRA GRANDE” (GRAN CANARIA).,SAN BARTOLOME DE TIJARANA,2023,MEDIOAMBIENTE,,"27.967000, -15.600000",27.967,-15.6,27.967,-15.6,27.967,-15.6
"REDACCIÓN DE INFORME AMBIENTAL PREVIO PARA LA DEFINICIÓN DE LOS PARÁMETROS AMBIENTALES INICIALES PARA LA INSTALACIÓN DE UNA INFRAESTRUCTURA AGRARIA EN ANTIGUA, FUERTEVENTURA",ANTIGUA,2023,MEDIOAMBIENTE,,"28.335300, -14.014700",28.3353,-14.0147,28.3428,-14.007200000000001,28.3428,-14.007200000000001
REDACCIÓN ESTUDIO DE IMPACTO AMBIENTAL DEL PROYECTO DE GRANJA DE COCHINOS EN GÜÍMAR (LOS PASITOS).,GÜIMAR,2023,MEDIOAMBIENTE,,"28.315565, -16.605129",28.315565,-16.605129,28.495565,-16.425129000000002,28.495565,-16.425129000000002
REDACCIÓN DEL DOCUMENTO AMBIENTAL PARA LA EVALUACIÓN AMBIENTAL ORDINARIA DE LA MODIFICACIÓN DEL PROYECTO DE REGADÍO DE LA ZONA CENTRO-SUR DE FUERTEVENTURA,JANDIA,2023,MEDIOAMBIENTE,,"28.337300, -14.012700",28.3373,-14.0127,28.3373,-14.0127,28.3373,-14.0127
"REDACCIÓN DEL DOCUMENTO AMBIENTAL PARA LA EVALUACIÓN AMBIENTAL ORDINARIA DEL MODIFICACIÓN DEL PROYECTO DE EXPLOTACIÓN DE RECURSOS DE LA SECCIÓN A) DE LA LEY DE MINAS EN LA CANTERA DENOMINADA ANDREA (LA OLIVA, FUERTEVENTURA).",LA OLIVA,2023,MEDIOAMBIENTE,,"28.339300, -14.010700",28.3393,-14.0107,28.3403,-14.009699999999999,28.3403,-14.009699999999999
"REDACCIÓN DEL DOCUMENTO AMBIENTAL PARA LA EVALUACIÓN AMBIENTAL SIMPLIFICADA DEL PROYECTO DE ESTACIÓN DEPURADORA DE AGUAS RESIDUALES PARA LAS INSTALACIONES DEL TELEFÉRICO DEL TEIDE (LA OROTAVA, TENERIFE).",LA OROTAVA,2023,MEDIOAMBIENTE,,"28.317565, -16.603129",28.317565,-16.603129,28.497485,-16.423209,28.497485,-16.423209
"INFORME SOBRE LA NECESIDAD Y OBLIGATORIEDAD DE SOLICITAR LA AUTORIZACIÓN O COMUNICACIÓN DE APCA (ACTIVIDADES POTENCIALMENTE CONTAMINADORAS DE LA ATMÓSFERA) PARA LAS INSTALACIONES DE TELEFÉRICO DEL TEIDE (LA OROTAVA, TENERIFE).",LA OROTRAVA,2023,MEDIOAMBIENTE,,"28.319565, -16.601129",28.319565,-16.601129,28.319565,-16.601129,28.319565,-16.601129
"REDACCIÓN DEL DOCUMENTO AMBIENTAL PARA LA EVALUACIÓN AMBIENTAL ORDINARIA DEL PROYECTO DE CIRCUNVALACIÓN SAN SEBASTIÁN – HOSPITAL – ÁVALOS 2ª FASE. TRAMO: CONEXIÓN GM-1 – VÍA DE ACCCESO A LA LOMADA – LOMO DEL CLAVO/ÁVALOS"". SAN SEBASTIÁN. ISLA DE LA GOMERA”",SAN SEBASTIAN ,2023,MEDIOAMBIENTE,,"28.118667, -17.214667",28.118667,-17.214667,28.119333666666666,-17.214000333333335,28.119333666666666,-17.214000333333335
REDACCIÓN DEL ESTUDIO DE CONTAMINACIÓN DE SUELOS DEL PLAN MAESTRO DEL RECINTO FERIAL DE CANARIAS – INFECAR (LAS PALMAS DE GRAN CANARIA).,LAS PALMAS DE GRAN CANARIA,2023,MEDIOAMBIENTE,,"27.969000, -15.598000",27.969,-15.598,27.977800000000002,-15.5892,27.977800000000002,-15.5892
REDACCIÓN DE LA EVALUACIÓN DE IMPACTO ECOLÓGICO Y ESTRATEGIA ECOLÓGICA DEL PLAN MAESTRO DEL RECINTO FERIAL DE CANARIAS – INFECAR (LAS PALMAS DE GRAN CANARIA).,LAS PALMAS DE GRAN CANARIA,2023,MEDIOAMBIENTE,,"27.971000, -15.596000",27.971,-15.596,27.977800000000002,-15.5892,27.977800000000002,-15.5892
"INFORME DE COMPROBACIÓN DE LA CORRECTA APLICACIÓN DE LAS DISTINTAS MEDIDAS AMBIENTALES PROPUESTAS EN EL PROCEDIMIENTO DE EVALUACIÓN AMBIENTAL ESTRATÉGICA ORDINARIO DE LA MODIFICACIÓN PUNTUAL DEL PLAN GENERAL DE ORDENACIÓN DE GUÍA DE ISORA EN EL SECTOR “CUEVA DEL POLVO” EN EL PROYECTO DE URBANIZACIÓN CUEVA DEL POLVO (GUÍA DE ISORA, TENERIFE).",GUIA DE ISORA,2022,MEDIOAMBIENTE,,"28.321565, -16.599129",28.321565,-16.599129,28.473031666666667,-16.447662333333334,28.473031666666667,-16.447662333333334
"REDACCIÓN DEL DOCUMENTO AMBIENTAL PARA LA EVALUACIÓN AMBIENTAL SIMPLIFICADA DEL PROYECTO DE URBANIZACIÓN DEL PROYECTO DE INTERÉS INSULAR IMAGINE GREEN STUDIO (ADEJE, TENERIFE)",ADEJE,2022,MEDIOAMBIENTE,,"28.323565, -16.597129",28.323565,-16.597129,28.416315,-16.504379,28.416315,-16.504379
"INFORME DE VALORACIÓN BOTÁNICA Y FAUNÍSTICA DE LA CANTERA DE ESPIGÓN DE LOS RINCONES Y SU ENTORNO (LA OLIVA, FUERTEVENTURA).",LA OLIVA,2022,MEDIOAMBIENTE,,"28.341300, -14.008700",28.3413,-14.0087,28.3403,-14.009699999999999,28.3403,-14.009699999999999
"REDACCIÓN DEL INFORME AMBIENTAL DE FINCA LOS FONTE (FRONTERA, EL HIERRO)",FRONTERA,2022,MEDIOAMBIENTE,,"28.325565, -16.595129",28.325565,-16.595129,28.451965,-16.468729,28.451965,-16.468729
"REDACCIÓN DEL ESTUDIO AMBIENTAL DEL COMPLEJO DE TRICAMPA (SAN CRISTÓBAL DE LA LAGUNA, TENERIFE).",SAN CRISTOBAL DE LA LAGUNA,2022,MEDIOAMBIENTE,,"28.327565, -16.593129",28.327565,-16.593129,28.51233423076923,-16.408359769230767,28.51233423076923,-16.408359769230767
"REDACCIÓN DEL ESTUDIO DE PAISAJE (ANÁLISIS DE VISIBILIDAD) DEL COMPLEJO DE TRICAMPA (SAN CRISTÓBAL DE LA LAGUNA, TENERIFE).",SAN CRISTOBAL DE LA LAGUNA,2022,MEDIOAMBIENTE,,"28.329565, -16.591129",28.329565,-16.591129,28.51233423076923,-16.408359769230767,28.51233423076923,-16.408359769230767
"REDACCIÓN DEL INFORME AMBIENTAL PARCELAS INSTALACIÓN PLANTA SOLAR FOTOVOLTAICA ARURE (VALLE GRAN REY, LA GOMERA)",VALLE GRAN REY,2022,MEDIOAMBIENTE,,"28.120667, -17.212667",28.120667,-17.212667,28.120667,-17.212667,28.120667,-17.212667
REDACCIÓN DEL ESTUDIO AMBIENTAL DE LA IMPLANTACIÓN DE UN PROYECTO DE PLANTA DESALADORA DE AGUA DE MAR. PARA RIEGO DE CULTIVOS (600 m3/día) EN LOS SILOS TENERIFE.,LOS SILOS,2022,MEDIOAMBIENTE,,"28.331565, -16.589129",28.331565,-16.589129,28.465564999999998,-16.455129,28.465564999999998,-16.455129
"REDACCIÓN DEL INFORME AMBIENTAL INICIAL SOBRE LA IMPLANTACIÓN DE UN PROYECTO DE INTERÉS INSULAR (ADEJE, TENERIFE).",ADEJE,2021,MEDIOAMBIENTE,,"28.333565, -16.587129",28.333565,-16.587129,28.416315,-16.504379,28.416315,-16.504379
REALIZACIÓN DEL ANÁLISIS DE LA VEGETACIÓN DE LOS UNIDADES AMBIENTALES HOMOGÉNEAS DEL SECTOR COSTA CARDÓN EN SANTA CRUZ DE TENERIFE,SANTA CRUZ DE TENERIFE,2021,MEDIOAMBIENTE,,"28.335565, -16.585129",28.335565,-16.585129,28.583479893617024,-16.33721410638298,28.583479893617024,-16.33721410638298
REDACCIÓN DEL ESTUDIO Y ASESORAMIENTO DE AVIFAUNA EN VARIAS PARCELAS DE ARICO. TENERIFE,ARICO,2021,MEDIOAMBIENTE,,"28.337565, -16.583129",28.337565,-16.583129,28.485038684210526,-16.43565531578947,28.485038684210526,-16.43565531578947
"REDACCIÓN DEL ESTUDIO Y ASESORAMIENTO DE AVIFAUNA EN EL ÁMBITO DEL PLAN PARCIAL PLAYA BLANCA (YAIZA, LANZAROTE).",YAIZA,2021,MEDIOAMBIENTE,,"29.039000, -13.629000",29.039,-13.629,29.039,-13.629,29.039,-13.629
ELABORACIÓN DEL DOCUMENTO-PROPUESTA DE RESTAURACIÓN DE VEGETACIÓN NATURAL DE LA CANTERA EL CORTIJO. GRAN CANARIA,SAN LORENZO,2021,MEDIOAMBIENTE,,"27.973000, -15.594000",27.973,-15.594,27.973,-15.594,27.973,-15.594
ACTUALIZACIÓN DE ESTUDIO DE IMPACTO AMBIENTAL PARA EL PROYECTO DE MODERNIZACIÓN MEJORA DE REGADÍO EN LA ZONA CENTRO-SUR DE FUERTEVENTURA T.M. DE TUINEJE.,TUINEJE,2021,MEDIOAMBIENTE,,"28.343300, -14.006700",28.3433,-14.0067,28.3433,-14.0067,28.3433,-14.0067
DOCUMENTACIÓN PARA LA SOLICITUD DE AUTORIZACIÓN DE ACTIVIDADES POTENCIALMENTE CONTAMINADORAS (APCA) PARA LA CENTRAL DE FABRICACIÓN DE HORMIGÓN PREMEZCLADO EN ARAFO. TENERIFE,ARAFO,2021,MEDIOAMBIENTE,,"28.339565, -16.581129",28.339565,-16.581129,28.412565,-16.508129,28.412565,-16.508129
DOCUMENTACIÓN PARA LA SOLICITUD DE AUTORIZACIÓN DE ACTIVIDADES POTENCIALMENTE CONTAMINADORAS (APCA) PARA LA CENTRAL DE FABRICACIÓN DE HORMIGÓN PREMEZCLADO EN ADEJE. TENERIFE,ADEJE,2021,MEDIOAMBIENTE,,"28.341565, -16.579129",28.341565,-16.579129,28.416315,-16.504379,28.416315,-16.504379
"DOCUMENTACIÓN PARA LA SOLICITUD DE AUTORIZACIÓN DE UNA INSTALACIÓN PARA LA GESTIÓN DE RESIDUOS DE LA CONSTRUCCIÓN (RCD) EN ARCHIPENQUE, ARICO. TENERIFE.",ARICO,2021,MEDIOAMBIENTE,,"28.343565, -16.577129",28.343565,-16.577129,28.485038684210526,-16.43565531578947,28.485038684210526,-16.43565531578947
ACTUALIZACIÓN DEL DOCUMENTO AMBIENTAL PARA LA EVALUACIÓN AMBIENTAL SIMPLIFICADA DEL PROYECTO DE MODERNIZACIÓN Y MEJORA DE LOS REGADÍOS DE LA ZONA NORDESTE DE LANZAROTE.,TEGUISE,2021,MEDIOAMBIENTE,,"29.041000, -13.627000",29.041,-13.627,29.04433333333333,-13.623666666666667,29.04433333333333,-13.623666666666667
SOLICITUD DE INICIO DE LA EVALUACIÓN AMBIENTAL SIMPLIFICADA Y DOCUMENTO AMBIENTAL PARA ESTUDIO DE IMPACTO AMBIENTAL SIMPLIFICADO PROYECTO DE INSTALACIÓN DE UN LABORATORIO FARMACEUTICO INDUSTRIAL EN EL PUERTO DE SANTA CRUZ DE TENERIFE (ZONA ZEC).,SANTA CRUZ DE TENERIFE,2020,MEDIOAMBIENTE,,"28.345565, -16.575129",28.345565,-16.575129,28.583479893617024,-16.33721410638298,28.583479893617024,-16.33721410638298
SOLICITUD DE INICIO DE LA EVALUACIÓN AMBIENTAL SIMPLIFICADA Y DOCUMENTO AMBIENTAL DEL PROYECTO DE INSTALACIÓN DE UN SUMINISTRADOR FÍSICO PARA BUNKERING EN PUERTO DE SANTA CRUZ DE TENERIFE.,SANTA CRUZ DE TENERIFE,2020,MEDIOAMBIENTE,,"28.347565, -16.573129",28.347565,-16.573129,28.583479893617024,-16.33721410638298,28.583479893617024,-16.33721410638298
"ESTUDIO DE IMPACTO AMBIENTAL SIMPLIFICADA PROYECTO DE REHABILITACIÓN DE VIVIENDA PARA TURISMO RURAL. VILLA DE MAZO, LA PALMA.",VILLA DE MAZO,2020,MEDIOAMBIENTE,,"28.672700, -17.860700",28.6727,-17.8607,28.6897,-17.843700000000002,28.6897,-17.843700000000002
INFORME AMBIENTAL/SOLICITUD DE AUTORIZACIÓN DE ACTIVIDAD POTENCIALMENTE CONTAMINADORA DE LA ATMÓSFERA DEL HORNO CREMATORIO EN SAN SEBASTIÁN DE LA GOMERA,SAN SEBASTIAN ,2020,MEDIOAMBIENTE,,"28.122667, -17.210667",28.122667,-17.210667,28.119333666666666,-17.214000333333335,28.119333666666666,-17.214000333333335
"INFORME BOTÁNICO ESPECÍFICO DE LA CETERACH AUREUM (DORADILLA), GEORREFERENCIACIÓN DE EJEMPLARES Y DEFINICIÓN DE MEDIDAS A DESARROLLAR PARA SU PROTECCIÓN Y CONTINUIDAD.",SANTA CRUZ DE TENERIFE,2020,MEDIOAMBIENTE,,"28.349565, -16.571129",28.349565,-16.571129,28.583479893617024,-16.33721410638298,28.583479893617024,-16.33721410638298
EVALUACIÓN AMBIENTAL SIMPLIFICADA DEL PROYECTO REDUCCIÓN DEL RIESGO DE DESPRENDIMIENTOS SOBRE LAS INSTALACIONES DEL TELEFÉRICO DEL TEIDE.,LA OROTAVA,2020,MEDIOAMBIENTE,,"28.351565, -16.569129",28.351565,-16.569129,28.497485,-16.423209,28.497485,-16.423209
ESTUDIO Y ASESORAMIENTO DE AVIFAUNA EN PUNTA DE ABONA (ARICO-TENERIFE).,ARICO,2020,MEDIOAMBIENTE,,"28.353565, -16.567129",28.353565,-16.567129,28.485038684210526,-16.43565531578947,28.485038684210526,-16.43565531578947
ESTUDIO DE DETECCIÓN DE PIMELIA CANARIENSIS EN PUNTA DE ABONA (ARICO- TENERIFE).,ARICO,2020,MEDIOAMBIENTE,,"28.355565, -16.565129",28.355565,-16.565129,28.485038684210526,-16.43565531578947,28.485038684210526,-16.43565531578947
"REDACCIÓN DE ESTUDIO DE IMPACTO AMBIENTAL ORDINARIA DEL PROYECTO DE PARQUE SAN JUAN. 4,7 MW (ARICO-TENERIFE)",ARICO,2019,MEDIOAMBIENTE,,"28.357565, -16.563129",28.357565,-16.563129,28.485038684210526,-16.43565531578947,28.485038684210526,-16.43565531578947
"ESTUDIO DE FLORA Y FAUNA EN LA ZONA DE EL PALM-MAR, ARONA. INCLUYENDO INVENTARIO DE PIMELIA CANARIENSIS (ESPECIE EN PELIGRO DE EXTINCIÓN)",ARONA,2019,MEDIOAMBIENTE,,"28.359565, -16.561129",28.359565,-16.561129,28.319565,-16.601129,28.319565,-16.601129
ESTUDIO INICIAL PREVIO PARA EL DISEÑO DE UNA PROGRAMA DE CARRETERAS PAISAJÍSTICAS EN LA ISLA DE TENERIFE,SANTA CRUZ DE TENERIFE,2018,MEDIOAMBIENTE,,"28.361565, -16.559129",28.361565,-16.559129,28.583479893617024,-16.33721410638298,28.583479893617024,-16.33721410638298
"INFORME DE SEGUIMIENTO DE COLISIONES DE AVES Y QUIRÓPTEROS EN EL PARQUE EÓLICO TAGORO-RISCO BLANCO EN ARICO, TENERIFE” DESDE FINALES 2017. SIGUIENDO LAS DETERMINACIONES MARCADAS POR LOS CONDICIONANTES MEDIOAMBIENTALES DEL PROYECTO PARQUE EÓLICO “TAGORO RISCO BLANCO”, CONTENIDO EN EL ANEXO II DEL DECRETO 383/2015, DE 28 DE DICIEMBRE, POR EL QUE SE EXCLUYE A DETERMINADOS PROYECTOS DE PARQUES EÓLICOS DEL PROCEDIMIENTO DE EVALUACIÓN DEL IMPACTO AMBIENTAL (BOC Nº 253, DE JUEVES 31 DE DICIEMBRE DE 2015).",ARICO,2018,MEDIOAMBIENTE,,"28.363565, -16.557129",28.363565,-16.557129,28.485038684210526,-16.43565531578947,28.485038684210526,-16.43565531578947
REDACCIÓN DE ESTUDIO DE IMPACTO AMBIENTAL DEL PROYECTO DE PARQUE EÓLICO ABADES 1 (8 MW). ARICO. TENERIFE,ARICO,2018,MEDIOAMBIENTE,,"28.365565, -16.555129",28.365565,-16.555129,28.485038684210526,-16.43565531578947,28.485038684210526,-16.43565531578947
"REDACCIÓN DE ESTUDIO DE IMPACTO AMBIENTAL DEL PROYECTO DE PARQUE EÓLICO ABADES 2 (10,35 MW). ARICO. TENERIFE",ARICO,2018,MEDIOAMBIENTE,,"28.367565, -16.553129",28.367565,-16.553129,28.485038684210526,-16.43565531578947,28.485038684210526,-16.43565531578947
"REDACCIÓN INFORME BOTÁNICO ESPECÍFICO DE LA CETERACH AUREUM (DORADILLA), GEORREFERENCIANDO EJEMPLARES EXISTENTES Y DEFINIENDO LAS MEDIDAS A DESARROLLAR PARA SU PROTECCIÓN Y CONTINUIDAD. ENTORNO DE CANTERA MONTES DE LUNA. VILLA DE MAZO. LA PALMA.",VILLA DE MAZO,2017,MEDIOAMBIENTE,,"28.674700, -17.858700",28.6747,-17.8587,28.6897,-17.843700000000002,28.6897,-17.843700000000002
DOCUMENTO DE EVALUACIÓN DE IMPACTO AMBIENTAL DEL PROYECTO DE URBANIZACIÓN CUEVA DEL POVO. GUÍA DE ISORA. TENERIFE,GUIA DE ISORA,2017,MEDIOAMBIENTE,,"28.369565, -16.551129",28.369565,-16.551129,28.473031666666667,-16.447662333333334,28.473031666666667,-16.447662333333334
REDACCIÓN DEL PROYECTO DE INSTALACIÓN DE UN GRUPO MÓVIL DE TRATAMIENTO DE ÁRIDOS PARA EL PROYECTO DE URBANIZACIÓN “SECTOR COSTA SAN JUAN”,GUIA DE ISORA,2017,MEDIOAMBIENTE,,"28.371565, -16.549129",28.371565,-16.549129,28.473031666666667,-16.447662333333334,28.473031666666667,-16.447662333333334
ESTUDIO DE VEGETACIÓN Y FAUNA. ÁMBITO CUEVA DEL POLVO. GUÍA DE ISORA. TENERIFE,GUIA DE ISORA,2017,MEDIOAMBIENTE,,"28.373565, -16.547129",28.373565,-16.547129,28.473031666666667,-16.447662333333334,28.473031666666667,-16.447662333333334
"INVENTARIO AMBIENTAL PARA FINCA LA ESTRELLA, POLÍGONO 4, PARCELA 273 (SAN MIGUEL DE ABONA, TENERIFE).",SAN MIGUEL DE ABONA,2017,MEDIOAMBIENTE,,"28.375565, -16.545129",28.375565,-16.545129,28.558565,-16.362129,28.558565,-16.362129
"REDACCIÓN DE ESTUDIO DE IMPACTO AMBIENTAL ORDINARIA DEL PROYECTO DE PARQUE EÓLICO BRISAS DEL MAR. 4,7 MW (ARICO-TENERIFE)",ARICO,2017,MEDIOAMBIENTE,,"28.377565, -16.543129",28.377565,-16.543129,28.485038684210526,-16.43565531578947,28.485038684210526,-16.43565531578947
ANTEPROYECTO DE RECUPERACIÓN AMBIENTAL Y PAISAJÍSTICA DE PUNTA DE ABONA DENTRO DEL ANTEPROYECTO DE REGENERACIÓN AMBIENTAL-PAISAJÍSTICA Y DESARROLLO TURÍSTICO. PUNTA DE ABONA. ARICO. TENERIFE (En tramitación),ARICO,2017,MEDIOAMBIENTE,,"28.379565, -16.541129",28.379565,-16.541129,28.485038684210526,-16.43565531578947,28.485038684210526,-16.43565531578947
ESTUDIO DE LOS MOVIMIENTOS DE TIERRA. PUNTA DE ABONA - ARICO. TENERIFE,ARICO,2017,MEDIOAMBIENTE,,"28.381565, -16.539129",28.381565,-16.539129,28.485038684210526,-16.43565531578947,28.485038684210526,-16.43565531578947
"ESTUDIO DE LA VEGETACIÓN Y LA FAUNA EN PUNTA DE ABONA-ARICO, TENERIFE",ARICO,2017,MEDIOAMBIENTE,,"28.383565, -16.537129",28.383565,-16.537129,28.485038684210526,-16.43565531578947,28.485038684210526,-16.43565531578947
"ESTUDIO DEL ORIGEN Y DINÁMICA DE LOS SEDIMENTOS DE LAS PLAYAS Y DUNAS DE LA PUNTA DE ABONA-ARICO, TENERIFE",ARICO,2017,MEDIOAMBIENTE,,"28.385565, -16.535129",28.385565,-16.535129,28.485038684210526,-16.43565531578947,28.485038684210526,-16.43565531578947
"ESTUDIO AMBIENTAL PUNTA LA TOSCA – ARICO, TENERIFE.",ARICO,2017,MEDIOAMBIENTE,,"28.387565, -16.533129",28.387565,-16.533129,28.485038684210526,-16.43565531578947,28.485038684210526,-16.43565531578947
"PROYECTO DE RESTAURACIÓN AMBIENTAL Y PROGRAMA DE VIGILANCIA AMBIENTAL DEL PROYECTO PARQUE EÓLICO TAGORO-RISCO BLANCO (ARICO-TENERIFE) EXCLUIDO DE EVALUACIÓN AMBIENTAL POR EL DECRETO 383/2015, DE 28 DE DICIEMBRE, POR EL QUE SE EXCLUYEN A DETERMINADOS PORYECTOS DE PARQUES EÓLICOS DEL PROCEDIMIENTO DE EVALUACIÓN DE IMPACTO AMBIENTAL.",ARICO,2016,MEDIOAMBIENTE,,"28.389565, -16.531129",28.389565,-16.531129,28.485038684210526,-16.43565531578947,28.485038684210526,-16.43565531578947
REDACCIÓN DEL ESTUDIO DE IMPACTO AMBIENTAL SIMPLIFICADO (DOCUMENTO AMBIENTAL) DEL PROYECTO DE URBANIZACIÓN EL YUGO (LA LAGUNA – TENERIFE),SAN CRISTOBAL DE LA LAGUNA,2016,MEDIOAMBIENTE,,"28.391565, -16.529129",28.391565,-16.529129,28.51233423076923,-16.408359769230767,28.51233423076923,-16.408359769230767
"IDENTIFICACIÓN Y CONTEO DE LAS ESPECIES EUPHORBIA BALSAMÍFERA, EUPHORBIA CANARIENSIS Y CEROPEGIA DICHOTOMA EN LA LADERA SUR DE MONTAÑA LA ALDEA (SAN MIGUEL DE ABONA - TENERIFE)",SAN MIGUEL DE ABONA,2016,MEDIOAMBIENTE,,"28.393565, -16.527129",28.393565,-16.527129,28.558565,-16.362129,28.558565,-16.362129
REDACCIÓN DEL ESTUDIO DE IMPACTO AMBIENTAL SIMPLIFICADO (DOCUMENTO AMBIENTAL) DEL PROYECTO DE URBANIZACIÓN TRAMO DE CALLE (LA LAGUNA – TENERIFE),SAN CRISTOBAL DE LA LAGUNA,2016,MEDIOAMBIENTE,,"28.395565, -16.525129",28.395565,-16.525129,28.51233423076923,-16.408359769230767,28.51233423076923,-16.408359769230767
REDACCIÓN DE EVALUACIÓN DE IMPACTO AMBIENTAL ORDINARIA DEL PROYECTO DE PARQUE EÓLICO LA COLINA (ARICO-TENERIFE),ARICO,2016,MEDIOAMBIENTE,,"28.397565, -16.523129",28.397565,-16.523129,28.485038684210526,-16.43565531578947,28.485038684210526,-16.43565531578947
INVENTARIO DE FLORA Y FAUNA EN PARCELAS DEL SUR DE TENERIFE (ADEJE),ADEJE,2016,MEDIOAMBIENTE,,"28.399565, -16.521129",28.399565,-16.521129,28.416315,-16.504379,28.416315,-16.504379
REDACCIÓN DEL ESTUDIO DE IMPACTO AMBIENTAL ORDINARIO DEL PROYECTO DE URBANIZACIÓN COSTA SAN JUAN (GUÍA DE ISORA – TENERIFE),GUIA DE ISORA,2016,MEDIOAMBIENTE,,"28.401565, -16.519129",28.401565,-16.519129,28.473031666666667,-16.447662333333334,28.473031666666667,-16.447662333333334
REDACCIÓN DEL DOCUMENTO AMBIENTAL PARA LA SOLICITUD DE INICIO DE LA EVALUACIÓN DE IMPACTO AMBIENTAL SIMPLIFICADA DEL PROYECTO DE URBANIZACIÓN CENTRO VALLE (LA OROTAVA - TENERIFE),LA OROTAVA,2015,MEDIOAMBIENTE,,"28.403565, -16.517129",28.403565,-16.517129,28.497485,-16.423209,28.497485,-16.423209
"REDACCIÓN DEL ESTUDIO DE IMPACTO AMBIENTAL DEL PROYECTO DE IMPLANTACIÓN DEL PARQUE EÓLICO BRISAS 7 DE 7,05 MW (ARICO-TENERIFE).",ARICO,2015,MEDIOAMBIENTE,,"28.405565, -16.515129",28.405565,-16.515129,28.485038684210526,-16.43565531578947,28.485038684210526,-16.43565531578947
INFORME-INVENTARIO DE ESPECIES Y HÁBITATS EN EL ÁMBITO TERRITORIAL AFECTADO POR EL PROYECTO DE URBANIZACIÓN LERCARO.,LA OROTAVA,2015,MEDIOAMBIENTE,,"28.407565, -16.513129",28.407565,-16.513129,28.497485,-16.423209,28.497485,-16.423209
INFORME GEOMORFOLÓGICO Y VOLCANO-ESTRUCTURAL DEL ACANTILADO DE LA QUINTA (SANTA ÚRSULA - TENERIFE) PARA LA VALORACIÓN AMBIENTAL DE UN POZO DE VERTIDO REALIZADO POR LA EMPRESA SONDEOS CANARIOS S.L.,SANTA URSULA,2015,MEDIOAMBIENTE,,"28.409565, -16.511129",28.409565,-16.511129,28.496898333333334,-16.423795666666667,28.496898333333334,-16.423795666666667
"PROYECTO DE DESMONTAJE Y EMBALAJE DE LA PLANTA DE AGLOMERADO ASFÁLTICO EN LA PLAZA DE CANTERA DE LA EXPLOTACIÓN “MONTES DE LUNA”, VILLA DE MAZO, LA PALMA.",VILLA DE MAZO,2014,MEDIOAMBIENTE,,"28.676700, -17.856700",28.6767,-17.8567,28.6897,-17.843700000000002,28.6897,-17.843700000000002
EVALUACIÓN BÁSICA DE IMPACTO ECOLÓGICO PROYECTO DE DEMOLICIÓN Y REPOSICIÓN DE ESCALINATA DE ACCESO A PLAYA MARTÍNEZ ALONSO – LA OROTAVA (TENERIFE).,LA OROTAVA,2014,MEDIOAMBIENTE,,"28.411565, -16.509129",28.411565,-16.509129,28.497485,-16.423209,28.497485,-16.423209
INVENTARIO Y DIAGNÓSTICO AMBIENTAL DEL CASCO HISTÓRICO DE TEGUISE (LANZAROTE) PARA REDACCIÓN DEL PLAN ESPECIAL de PROTECCIÓN.,TEGUISE,2014,MEDIOAMBIENTE,,"29.043000, -13.625000",29.043,-13.625,29.04433333333333,-13.623666666666667,29.04433333333333,-13.623666666666667
INVENTARIO Y DIAGNÓSTICO AMBIENTAL DE LA OROTAVA (TENERIFE) PARA EL PLAN GENERAL DE ORDENACIÓN,LA OROTAVA,2013,MEDIOAMBIENTE,,"28.413565, -16.507129",28.413565,-16.507129,28.497485,-16.423209,28.497485,-16.423209
ESTUDIO DE CUENCAS VISUALES E INTEGRACIÓN PAISAJÍSTICA de CINCO PROYECTOS DE INSTALACIÓN DE PLANTAS FOTOVOLTAICAS EN ARICO. TENERIFE.,ARICO,2013,MEDIOAMBIENTE,,"28.415565, -16.505129",28.415565,-16.505129,28.485038684210526,-16.43565531578947,28.485038684210526,-16.43565531578947
INVENTARIO Y DIAGNÓSTICO AMBIENTAL DE ICOD DE LOS VINOS (TENERIFE) PARA EL PLAN GENERAL DE ORDENACIÓN,ICOD DE LOS VINOS,2013,MEDIOAMBIENTE,,"28.417565, -16.503129",28.417565,-16.503129,28.473564999999997,-16.447129,28.473564999999997,-16.447129
INVENTARIO Y DIAGNÓSTICO AMBIENTAL DE SANTIAGO DEL TEIDE (TENERIFE) PARA EL PLAN GENERAL DE ORDENACIÓN,SANTIAGO DEL TEIDE,2013,MEDIOAMBIENTE,,"28.419565, -16.501129",28.419565,-16.501129,28.425565,-16.495129,28.425565,-16.495129
"ESTUDIO AMBIENTAL INICIAL LAS CRESPAS, BARLOVENTO (LA PALMA)",BARLOVENTO,2009,MEDIOAMBIENTE,,"28.678700, -17.854700",28.6787,-17.8547,28.6787,-17.8547,28.6787,-17.8547
"ESTUDIO AMBIENTAL OBRAS DE LIMPIEZA DE CAUCE, BARRANCO DE FRANCESES (LA PALMA)",GARAFIA,2008,MEDIOAMBIENTE,,"28.680700, -17.852700",28.6807,-17.8527,28.705808125,-17.626003625,28.705808125,-17.626003625
ESTUDIO BÁSICO DE IMPACTO DE CINCO PROYECTOS DE INSTALACIÓN DE PLANTAS FOTOVOLTAICAS EN ARICO.,ARICO,2008,MEDIOAMBIENTE,,"28.421565, -16.499129",28.421565,-16.499129,28.485038684210526,-16.43565531578947,28.485038684210526,-16.43565531578947
ESTUDIO AMBIENTAL PREVIO PARA LA IMPLANTACIÓN DE UN HOTEL Y UN JARDÍN BOTÁNICO EN EL ÁMBITO DE MARTÍN LUÍS (PUNTALLANA-LA PALMA),PUNTALLANA,2008,MEDIOAMBIENTE,,"28.682700, -17.850700",28.6827,-17.8507,28.721700000000002,-17.8117,28.721700000000002,-17.8117
ESTUDIO BÁSICO DE IMPACTO ECOLÓGICO DE UNA PLANTA FOTOVOLTAICA. MARZAGA (ARICO.TENERIFE),ARICO,2007,MEDIOAMBIENTE,,"28.423565, -16.497129",28.423565,-16.497129,28.485038684210526,-16.43565531578947,28.485038684210526,-16.43565531578947
ESTUDIO ADICIONAL AL ESTUDIO DE IMPACTO AMBIENTAL DEL MODIFICADO CON VARIANTE DEL TRAZADO ENTRE LOS P.K. 7+060 AL 13+400 DE LA NUEVA CARRETERA SANTIAGO DEL TEIDE-GUÍA DE ISORA-ADEJE.,SANTIAGO DEL TEIDE,2005,MEDIOAMBIENTE,,"28.425565, -16.495129",28.425565,-16.495129,28.425565,-16.495129,28.425565,-16.495129
ESTUDIO ADICIONAL A LA EVALUACIÓN DE IMPACTO AMBIENTAL DE LA NUEVA CARRETERA ICOD DE LOS VINOS-SANTIAGO DEL TEIDE (TENERIFE): TRAMO ICOD DE LOS VINOS-EL TANQUE.,SANTIAGO DEL TEIDE,2005,MEDIOAMBIENTE,,"28.427565, -16.493129",28.427565,-16.493129,28.425565,-16.495129,28.425565,-16.495129
ESTUDIO DE IMPACTO AMBIENTAL DEL MODIFICADO CON VARIANTE DEL TRAZADO DE LA NUEVA CARRETERA SANTIAGO DEL TEIDE-GUÍA DE ISORA-ADEJE (TENERIFE).,SANTIAGO DEL TEIDE,2005,MEDIOAMBIENTE,,"28.429565, -16.491129",28.429565,-16.491129,28.425565,-16.495129,28.425565,-16.495129
REVISIÓN DEL PLAN DE ORDENACIÓN DE RECURSOS NATURALES (PORN) EN LOS ÁMBITOS DE REFERENCIA TURÍSTICOS DE LA ISLA DE TENERIFE MARCADOS POR EL PLAN INSULAR DE ORDENACIÓN DE TENERIFE (PIOT).,SANTA CRUZ DE TENERIFE,2003,MEDIOAMBIENTE,,"28.431565, -16.489129",28.431565,-16.489129,28.583479893617024,-16.33721410638298,28.583479893617024,-16.33721410638298
"ESTUDIO BÁSICO DE IMPACTO AMBIENTAL DE UN DEPÓSITO REGULADOR PARA RIEGO EN FÁTIMA (PUNTAGORDA, LA PALMA).",PUNTAGORDA,2003,MEDIOAMBIENTE,,"28.684700, -17.848700",28.6847,-17.8487,28.685699999999997,-17.8477,28.685699999999997,-17.8477
ELABORACIÓN DE LA METODOLOGÍA PARA EL PREDIAGNÓSTICO MEDIOAMBIENTAL DE LAS ÁREAS URBANAS TURÍSTICAS DE LA ISLA DE TENERIFE.,ADEJE,2002,MEDIOAMBIENTE,,"28.433565, -16.487129",28.433565,-16.487129,28.416315,-16.504379,28.416315,-16.504379
ELABORACIÓN DE UN MODELO DE INFORME DE EVALUACIÓN DE IMPACTO AMBIENTAL DE LAS BALSAS DE TENERIFE.,SANTA CRUZ DE TENERIFE,2001,MEDIOAMBIENTE,,"28.435565, -16.485129",28.435565,-16.485129,28.583479893617024,-16.33721410638298,28.583479893617024,-16.33721410638298
"MONTAÑA DEL ARCO (Puntagorda, La Palma)",PUNTAGORDA,2001,MEDIOAMBIENTE,,"28.686700, -17.846700",28.6867,-17.8467,28.685699999999997,-17.8477,28.685699999999997,-17.8477
"EVALUACIÓN AMBIENTAL ESTRATÉGICA DEL PROYECTO DE INTERÉS INSULAR PARQUE REGENERATIVO UNDERWATER GARDENS PARK (GUÍA DE ISORA, TENERIFE)",GUIA DE ISORA,EN REDACCION,ORDENACION DEL TERRITORIO,,"28.437565, -16.483129",28.437565,-16.483129,28.473031666666667,-16.447662333333334,28.473031666666667,-16.447662333333334
EVALUACIÓN AMBIENTAL ESTRATÉGICA ORDINARIA DE LA MODIFICACIÓN MENOR DEL PLAN INSULAR DE ORDENACIÓN DE LA PALMA EN EL ÁREA DE ACTIVIDAD ECONÓMICA DE RECTA PADRÓN-PARAJE DE FÁTIMA,LOS LLANOS DE ARIDANE,EN REDACCION,ORDENACION DEL TERRITORIO,,"28.688700, -17.844700",28.6887,-17.8447,28.694033333333334,-17.839366666666667,28.694033333333334,-17.839366666666667
EVALUACIÓN AMBIENTAL ESTRATÉGICA ORDINARIA DE LA MODIFICACIÓN SUSTANCIAL DEL PLAN GENERAL DE ORDENACIÓN DE TELDE EN LA ZONA EL HORNILLO,AGAETE,EN REDACCION,ORDENACION DEL TERRITORIO,,"28.439565, -16.481129",28.439565,-16.481129,28.439565,-16.481129,28.439565,-16.481129
EVALUACIÓN AMBIENTAL ESTRATÉGICA SIMPLIFICADA DE LA MODIFICACIÓN MENOR DEL PLAN GENERAL DE ORDENACIÓN DE PUERTO DEL ROSARIO EN EL SECTOR SUNOR LA MOLINA (FUERTEVENTURA),PUERTO DEL ROSARIO,EN REDACCION,ORDENACION DEL TERRITORIO,,"28.345300, -14.004700",28.3453,-14.0047,28.349800000000002,-14.0002,28.349800000000002,-14.0002
"EVALUACIÓN AMBIENTAL ESTRATÉGICA ORDINARIA DE LA ORDENANZA PROVISIONAL INSULAR PARA FIJAR CRITERIOS DE HOMOGENIZACIÓN PARA LA IMPLANTACIÓN DE CAMPINGS Y ÁREAS RESERVADAS A AUTOCARAVANAS, CARAVANAS Y CAMPERS EN SUELO RÚSTICO DE LANZAROTE",ARRECIFE,EN REDACCION,ORDENACION DEL TERRITORIO,,"29.045000, -13.623000",29.045,-13.623,29.046,-13.622,29.046,-13.622
"REDACCIÓN DE LA EVALUACIÓN AMBIENTAL ESTRATÉGICA ORDINARIA Y APOYO TÉCNICO PARA LA MODIFICACIÓN DEL PLAN GENERAL DE ORDENACIÓN URBANA DE SANTA CRUZ DE TENERIFE (PGOU-05) PARA INCORPORAR A LA ORDENACIÓN LA VÍA DE CIRCUNVALACIÓN NORTE DEL PLAN TERRITORIAL ESPECIAL DE ORDENACIÓN DEL SISTEMA VIARIO DEL ÁREA METROPOLITANA DE TENERIFE (PTEOSVAM), CONCILIANDO SU TRAZADO CON LA ORDENACIÓN PREESTABLECIDA.",SANTA CRUZ DE TENERIFE,EN REDACCION,ORDENACION DEL TERRITORIO,,"28.441565, -16.479129",28.441565,-16.479129,28.583479893617024,-16.33721410638298,28.583479893617024,-16.33721410638298
APOYO TÉCNICO Y ASESORAMIENTO EN LA REDACCIÓN DE LA EVALUACIÓN AMBIENTAL ESTRATÉGICA SIMPLIFICADA DE LA ORDENANZA PROVISIONAL INSULAR DE ENERGÍAS RENOVABLES DE LA ISLA DE LANZAROTE,ARRECIFE,EN REDACCION,ORDENACION DEL TERRITORIO,,"29.047000, -13.621000",29.047,-13.621,29.046,-13.622,29.046,-13.622
"REDACCIÓN DE LA EVALUACIÓN AMBIENTAL ESTRATÉGICA MODIFICACIÓN MENOR DEL PLAN GENERAL DE ORDENACIÓN URBANA DE SANTA CRUZ DE TENERIFE (PGOU-05) EN EL “ÁMBITO DE ACTUACIÓN MUNICIPAL A, LITORAL DE ANAGA, LA-6, ÁREA LAS TERESITAS”.",SANTA CRUZ DE TENERIFE,EN REDACCION,ORDENACION DEL TERRITORIO,,"28.443565, -16.477129",28.443565,-16.477129,28.583479893617024,-16.33721410638298,28.583479893617024,-16.33721410638298
"REDACCIÓN DEL DOCUMENTO AMBIENTAL ESTRATÉGICO PARA LA EVALUACIÓN SIMPLIFICADA DEL PLAN PARCIAL DEL SECTOR DE SUELO URBANIZABLE NO ORDENADO SN-1 (ADEJE, TENERIFE)",ADEJE,2025,ORDENACION DEL TERRITORIO,,"28.445565, -16.475129",28.445565,-16.475129,28.416315,-16.504379,28.416315,-16.504379
DOCUMENTO AMBIENTAL PARA LA EVALUACIÓN AMBIENTAL ESTRATÉGICA SIMPLIFICADA DE LA MODIFICACIÓN MENOR DEL PLAN GENERAL DE ORDENACIÓN DE SAN CRISTÓBAL DE LA LAGUNA EN LA UNIDAD DE ACTUACIÓN LC-20 LA CUESTA (TENERIFE).,SAN CRISTOBAL DE LA LAGUNA,2024,ORDENACION DEL TERRITORIO,,"28.447565, -16.473129",28.447565,-16.473129,28.51233423076923,-16.408359769230767,28.51233423076923,-16.408359769230767
DOCUMENTO AMBIENTAL PARA LA EVALUACIÓN AMBIENTAL ESTRATÉGICA SIMPLIFICADA DE LA MODIFICACIÓN MENOR DEL PLAN GENERAL DE ORDENACIÓN DE GRANADILLA DE ABONA PARA LA LOCALIZACIÓN DE UN EQUIPAMIENTO DEPORTIVO SINGULAR (TENERIFE),GRANADILLA DE ABONA,2024,ORDENACION DEL TERRITORIO,,"28.449565, -16.471129",28.449565,-16.471129,28.416898333333336,-16.503795666666665,28.416898333333336,-16.503795666666665
"DOCUMENTO AMBIENTAL PARA LA EVALUACIÓN AMBIENTAL ESTRATÉGICA SIMPLIFICADA DE LA MODIFICACIÓN MENOR DE LAS NORMAS SUBSIDIARIAS DE ARICO. PARCELA EN CALLE LA MORRA, 1 (PORIS DE ABONA, ARICO, TENERIFE)",ARICO,2024,ORDENACION DEL TERRITORIO,,"28.451565, -16.469129",28.451565,-16.469129,28.485038684210526,-16.43565531578947,28.485038684210526,-16.43565531578947
REDACCIÓN DEL DOCUMENTO INICIAL ESTRATÉGICO PARA LA EVALUACIÓN AMBIENTAL ESTRATÉGICA ORDINARIA DEL PLAN GENERAL DE ORDENACIÓN DEL MOYA (GRAN CANARIA),MOYA,2023,ORDENACION DEL TERRITORIO,,"27.975000, -15.592000",27.975,-15.592,27.975,-15.592,27.975,-15.592
REDACCIÓN DEL DOCUMENTO AMBIENTAL PARA LA EVALUACIÓN AMBIENTAL ESTRATÉGICA ORDINARIA DEL PLAN DIRECTOR DE INFRAESTRUCTURAS DEL PUERTO DE SANTA CRUZ DE LA PALMA.,SANTA CRUZ DE LA PALMA,2023,ORDENACION DEL TERRITORIO,,"28.690700, -17.842700",28.6907,-17.8427,28.705899999999996,-17.8275,28.705899999999996,-17.8275
"VALORACIÓN DEL CUMPLIMIENTO DE LAS MEDIDAS AMBIENTALES RECOGIDAS EN EL PGO DE GUÍA DE ISORA DEL PROYECTO DE URBANIZACIÓN UNIDAD DE ACTUACIÓN LA CHIQUITA (GUÍA DE ISORA, TENERIFE)",GUIA DE ISORA,2023,ORDENACION DEL TERRITORIO,,"28.453565, -16.467129",28.453565,-16.467129,28.473031666666667,-16.447662333333334,28.473031666666667,-16.447662333333334
"REDACCIÓN DEL DOCUMENTO AMBIENTAL ESTRATÉGICO PARA LA EVALUACIÓN AMBIENTAL ESTRATÉGICA SIMPLIFICADA DEL PLAN PARCIAL SUB.S.N.O.-R 1 (LOS REALEJOS, TENERIFE).",LOS REALEJOS,2023,ORDENACION DEL TERRITORIO,,"28.455565, -16.465129",28.455565,-16.465129,28.47223166666667,-16.448462333333335,28.47223166666667,-16.448462333333335
REDACCIÓN DEL DOCUMENTO INICIAL ESTRATÉGICO PARA LA EVALUACIÓN AMBIENTAL ESTRATÉGICA ORDINARIA DE LA MODIFICACIÓN MENOR DEL PLAN GENERAL DE ORDENACIÓN DE FRONTERA. FINCA LOS FONTES.,FRONTERA,2023,ORDENACION DEL TERRITORIO,,"28.457565, -16.463129",28.457565,-16.463129,28.451965,-16.468729,28.451965,-16.468729
"REDACCIÓN DEL DOCUMENTO AMBIENTAL ESTRATÉGICO PARA LA EVALUACIÓN AMBIENTAL ESTRATÉGICA SIMPLIFICADA DEL PROYECTO DE INTERÉS INSULAR IMAGINE GREEN STUDIO (ADEJE, TENERIFE).",ADEJE,2022,ORDENACION DEL TERRITORIO,,"28.459565, -16.461129",28.459565,-16.461129,28.416315,-16.504379,28.416315,-16.504379
REDACCIÓN DEL DOCUMENTO INICIAL ESTRATÉGICO PARA LA EVALUACIÓN AMBIENTAL ESTRATÉGICA ORDINARIA DEL PLAN ESPECIAL QUISISANA (ÁREA DE LAS COLINAS DEL PGO-2005) EN SANTA CRUZ DE TENERIFE.,SANTA CRUZ DE TENERIFE,2022,ORDENACION DEL TERRITORIO,,"28.461565, -16.459129",28.461565,-16.459129,28.583479893617024,-16.33721410638298,28.583479893617024,-16.33721410638298
"REDACCIÓN DEL PROYECTO DE RESTABLECIMIENTO DE LA LEGALIDAD URBANÍSTICA (RESTAURACIÓN PAISAJÍSTICA) EN LOS SILOS, TENERIFE",LOS SILOS,2022,ORDENACION DEL TERRITORIO,,"28.463565, -16.457129",28.463565,-16.457129,28.465564999999998,-16.455129,28.465564999999998,-16.455129
REDACCIÓN DEL DOCUMENTO AMBIENTAL ESTRATÉGICO PARA LA EVALUACIÓN AMBIENTAL ESTRATÉGICA SIMPLIFICADA DE LA MODIFICACION MENOR DEL PLAN GENERAL DE ORDENACIÓN DE LA ALDEA DE SAN NICOLAS (GRAN CANARIA).,ALDEA DE SAN NICOLAS,2022,ORDENACION DEL TERRITORIO,,"27.977000, -15.590000",27.977,-15.59,27.977,-15.59,27.977,-15.59
REDACCIÓN DEL DOCUMENTO INICIAL ESTRATÉGICO DE PLAN DIRECTOR DE INFRAESTRUCTURAS DEL CICLO DEL AGUA DE SANTA CRUZ DE TENERIFE.,SANTA CRUZ DE TENERIFE,2022,ORDENACION DEL TERRITORIO,,"28.465565, -16.455129",28.465565,-16.455129,28.583479893617024,-16.33721410638298,28.583479893617024,-16.33721410638298
REDACCIÓN DEL DOCUMENTO AMBIENTAL ESTRATÉGICO PARA LA EVALUACIÓN AMBIENTAL ESTRATÉGICA SIMPLIFICAD DEL PROYECTO DE INTERÉS INSULAR CENTRO SOCIOSANITARIO EN EL MUNICIPIO DE INGENIO (GRAN CANARIA),INGENIO,2021,ORDENACION DEL TERRITORIO,,"27.979000, -15.588000",27.979,-15.588,27.979,-15.588,27.979,-15.588
"REDACCIÓN DEL DOCUMENTO DE JUSTIFICACIÓN TÉCNICA DE QUE NO SE HAN PRODUCIDO CAMBIOS SUSTANCIALES EN LOS ELEMENTOS ESENCIALES QUE SIRVIERON DE BASE PARA REALIZAR LA EVALUACIÓN AMBIENTAL ESTRATÉGICA DEL PLAN GENERAL DE ORDENACIÓN DE ICOD DE LOS VINOS, DANDO CUMPLIMIENTO A LA DISPOSICIÓN TRANSITORIA SÉPTIMA EVALUACIÓN AMBIENTAL DE INSTRUMENTOS DE ORDENACIÓN EN TRÁMITE, DE LA LEY 4/2017, DE 13 DE JULIO, DEL SUELO Y DE LOS ESPACIOS NATURALES PROTEGIDOS DE CANARIAS",ICOD DE LOS VINOS,2021,ORDENACION DEL TERRITORIO,,"28.467565, -16.453129",28.467565,-16.453129,28.473564999999997,-16.447129,28.473564999999997,-16.447129
"REDACCIÓN DEL DOCUMENTO DE JUSTIFICACIÓN TÉCNICA DE QUE NO SE HAN PRODUCIDO CAMBIOS SUSTANCIALES EN LOS ELEMENTOS ESENCIALES QUE SIRVIERON DE BASE PARA REALIZAR LA EVALUACIÓN AMBIENTAL ESTRATÉGICA DEL PLAN GENERAL DE ORDENACIÓN DE LA OROTAVA, DANDO CUMPLIMIENTO A LA DISPOSICIÓN TRANSITORIA SÉPTIMA EVALUACIÓN AMBIENTAL DE INSTRUMENTOS DE ORDENACIÓN EN TRÁMITE, DE LA LEY 4/2017, DE 13 DE JULIO, DEL SUELO Y DE LOS ESPACIOS NATURALES PROTEGIDOS DE CANARIAS",LA OROTAVA,2021,ORDENACION DEL TERRITORIO,,"28.469565, -16.451129",28.469565,-16.451129,28.497485,-16.423209,28.497485,-16.423209
"REDACCIÓN DEL DOCUMENTO AMBIENTAL ESTRATÉGICO PARA LA EVALUACIÓN AMBIENTAL ESTRATÉGICA SIMPLIFICADA DE LA MODIFICACIÓN MENOR DEL PGO DE LOS REALEJOS, EN EL ENTORNO DE LA PARCELA DE LA PISCINA MUNICIPAL",LOS REALEJOS,2021,ORDENACION DEL TERRITORIO,,"28.471565, -16.449129",28.471565,-16.449129,28.47223166666667,-16.448462333333335,28.47223166666667,-16.448462333333335
"REDACCIÓN DEL DOCUMENTO AMBIENTAL ESTRATÉGICO PARA LA EVALUACIÓN AMBIENTAL ESTRATÉGICA SIMPLIFICADA DE LA MODIFICACIÓN MENOR DEL PGO DE LA GUANCHA, ÁMBITO LAS CUCHARAS",LA GUANCHA,2021,ORDENACION DEL TERRITORIO,,"28.473565, -16.447129",28.473565,-16.447129,28.473565,-16.447129,28.473565,-16.447129
"REDACCIÓN DEL DOCUMENTO AMBIENTAL ESTRATÉGICO PARA LA EVALUACIÓN AMBIENTAL ESTRATÉGICA SIMPLIFICADA DE LA MODIFICACIÓN MENOR DEL PGO DE GÜÍMAR, UNIDAD DE ACTUACIÓN EL TABLADO",GÜIMAR,2021,ORDENACION DEL TERRITORIO,,"28.475565, -16.445129",28.475565,-16.445129,28.495565,-16.425129000000002,28.495565,-16.425129000000002
"REDACCIÓN DE DOCUMENTO INICIAL ESTRATÉGICO DEL PROYECTO DE INTERÉS INSULAR UNDERWATER GARDEN. GUÍA DE ISORA, TENERIFE.",GUIA DE ISORA,2021,ORDENACION DEL TERRITORIO,,"28.477565, -16.443129",28.477565,-16.443129,28.473031666666667,-16.447662333333334,28.473031666666667,-16.447662333333334
"REDACCIÓN DEL DOCUMENTO AMBIENTAL ESTRATÉGICO PARA LA EVALUACIÓN AMBIENTAL ESTRATÉGICA SIMPLIFICADA DE LA MODIFICACIÓN MENOR DEL PGO DE TEGUESTE, ÁMBITO ASENTAMIENTO RURAL EL PALOMAR",TEGUESTE,2021,ORDENACION DEL TERRITORIO,,"28.479565, -16.441129",28.479565,-16.441129,28.492565,-16.428129,28.492565,-16.428129
REDACCIÓN DEL DOCUMENTO AMBIENTAL ESTRATÉGICO PARA LA EVALUACIÓN AMBIENTAL ESTRATÉGICA SIMPLIFICADA DEL CATÁLOGO DE PATRIMONIO DE ANTIGUA. FUERTEVENTURA.,ANTIGUA,2020,ORDENACION DEL TERRITORIO,,"28.347300, -14.002700",28.3473,-14.0027,28.3428,-14.007200000000001,28.3428,-14.007200000000001
REDACCIÓN DEL DOCUMENTO AMBIENTAL ESTRATÉGICO PARA LA EVALUACIÓN AMBIENTAL ESTRATÉGICA ORDINARIA DE LA REVISIÓN DEL PLAN GENERAL DE ORDENACIÓN DE FRONTERA EL HIERRO. ÁMBITO DE LA UNIDAD DE ACTUACIÓN F-11. ÁREA EL CANAL (SUSO I).,FRONTERA,2020,ORDENACION DEL TERRITORIO,,"28.481565, -16.439129",28.481565,-16.439129,28.451965,-16.468729,28.451965,-16.468729
REDACCIÓN DEL DOCUMENTO AMBIENTAL ESTRATÉGICO PARA LA EVALUACIÓN AMBIENTAL ESTRATÉGICA SIMPLIFICADA DE LA MODIFICACIÓN MENOR Nº16 DEL PGO DE VILLA DE MAZO. LA PALMA.,VILLA DE MAZO,2020,ORDENACION DEL TERRITORIO,,"28.692700, -17.840700",28.6927,-17.8407,28.6897,-17.843700000000002,28.6897,-17.843700000000002
REDACCIÓN DEL DOCUMENTO AMBIENTAL ESTRATÉGICO PARA LA EVALUACIÓN AMBIENTAL ESTRATÉGICA SIMPLIFICADA DE LA MODIFICACIÓN MENOR DEL PGO DE ARAFO. ÁMBITO INDUSTRIAL. TENERIFE,ARAFO,2020,ORDENACION DEL TERRITORIO,,"28.485565, -16.435129",28.485565,-16.435129,28.412565,-16.508129,28.412565,-16.508129
REDACCIÓN DEL DOCUMENTO AMBIENTAL ESTRATÉGICO PARA LA EVALUACIÓN AMBIENTAL ESTRATÉGICA SIMPLIFICADA DE LA MODIFICACIÓN MENOR DEL PGO DE LA OROTAVA. EL DRAGO 1. TENERIFE,LA OROTAVA,2022,ORDENACION DEL TERRITORIO,,"28.487565, -16.433129",28.487565,-16.433129,28.497485,-16.423209,28.497485,-16.423209
REDACCIÓN DEL DOCUMENTO INICIAL ESTRATÉGICO PARA EL COMIENZO DE LA EVALUACIÓN AMBIENTAL ESTRATÉGICA DEL PLAN PARCIAL SUB.S.N.O.-R1. LOS REALEJOS-TENERIFE.,LOS REALEJOS,2020,ORDENACION DEL TERRITORIO,,"28.489565, -16.431129",28.489565,-16.431129,28.47223166666667,-16.448462333333335,28.47223166666667,-16.448462333333335
REDACCIÓN DEL DOCUMENTO INICIAL ESTRATÉGICO DE LA EVALUACION AMBIENTAL ESTRATÉGICA ORDINARIA DE LA REVISIÓN PARCIAL DEL PGO DE FRONTERA EN EL SUELO URBANIZABLE NO SECTORIZADO ESTRATÉGICO (SUNSE) DE LA COOPERATIVA (M2). EL HIERRO,FRONTERA,2020,ORDENACION DEL TERRITORIO,,"28.491565, -16.429129",28.491565,-16.429129,28.451965,-16.468729,28.451965,-16.468729
REDACCIÓN DEL DOCUMENTO AMBIENTAL ESTRATÉGICA PARA LA EVALUACIÓN AMBIENTAL ESTRATÉGICA SIMPLIFICADA DE LA MODIFICACIÓN MENOR DEL PGO DE LA LAGUNA. ÁMBITO DEL PLAN ESPECIAL EL DRAGO.,SAN CRISTOBAL DE LA LAGUNA,2020,ORDENACION DEL TERRITORIO,,"28.493565, -16.427129",28.493565,-16.427129,28.51233423076923,-16.408359769230767,28.51233423076923,-16.408359769230767
REDACCIÓN ESTUDIO AMBIENTAL ESTRATÉGICO DE LAS NN DE CONSERVACIÓN DEL MONUMENTO NATURAL VOLCANES DE ARIDANE (P-6). LA PALMA,LOS LLANOS DE ARIDANE,2020,ORDENACION DEL TERRITORIO,,"28.694700, -17.838700",28.6947,-17.8387,28.694033333333334,-17.839366666666667,28.694033333333334,-17.839366666666667
REDACCIÓN DEL DOCUMENTO INICIAL ESTRATÉGICO DE LA MODIFICACIÓN SUSTANCIAL PARCIAL EN EL ÁMBITO DEL SUSNO 4 DEL PLAN GENERAL ORDENACIÓN DE TACORONTE,TACORONTE,2019,ORDENACION DEL TERRITORIO,,"28.495565, -16.425129",28.495565,-16.425129,28.601564999999997,-16.319129,28.601564999999997,-16.319129
REDACCIÓN ESTUDIO AMBIENTAL ESTRATÉGICO DE LA MODIFICACIÓN DE LAS NN DE CONSERVACIÓN DEL SITIO DE INTERÉS CIENTÍFICO BARRANCO DEL AGUA (P-18). LA PALMA,SANTA CRUZ DE LA PALMA,2018,ORDENACION DEL TERRITORIO,,"28.696700, -17.836700",28.6967,-17.8367,28.705899999999996,-17.8275,28.705899999999996,-17.8275
"REDACCIÓN DEL DOCUMENTO AMBIENTAL ESTRATÉGICO PARA LA EVALUACIÓN AMBIENTAL ESTRATÉGICA SIMPLIFICADA DEL PLAN ESPECIAL PARA LA ACTUACIÓN DE RENOVACIÓN PARCIAL Y DE DOTACIÓN AUD-1, ÁMBITO 3.3.1. TÍO PINO. SANTA CRUZ DE TENERIFE",SANTA CRUZ DE TENERIFE,2018,ORDENACION DEL TERRITORIO,,"28.497565, -16.423129",28.497565,-16.423129,28.583479893617024,-16.33721410638298,28.583479893617024,-16.33721410638298
REDACCIÓN DOCUMENTO INICIAL ESTRATÉGICO PARA EVALUACIÓN AMBIENTAL ESTRATÉGICA DEL ARTÍCULO 47 DE SUSPENSIÓN PARCIAL DEL PLAN RECTOR DE USO Y GESTIÓN DEL PARQUE NACIONAL DEL TEIDE Y DE REDACCIÓN DE NORMAS SUSTANTIVAS (EN TRAMITACIÓN).,LA OROTAVA,2018,ORDENACION DEL TERRITORIO,,"28.499565, -16.421129",28.499565,-16.421129,28.497485,-16.423209,28.497485,-16.423209
REDACCIÓN DEL ESTUDIO AMBIENTAL ESTRATÉGICO DE LA SUSPENSIÓN DE LAS NORMAS SUBSIDIARIAS DE ARICO EN LA ZONA DE LA PUNTA DE ABONA Y ESTABLECIMIENTO DE LAS NORMAS SUSTANTIVAS DE APLICACIÓN TRANSITORIA.,GRANADILLA DE ABONA,2018,ORDENACION DEL TERRITORIO,,"28.501565, -16.419129",28.501565,-16.419129,28.416898333333336,-16.503795666666665,28.416898333333336,-16.503795666666665
REDACCIÓN DEL DOCUMENTO INICIAL ESTRATÉGICA DE LA REVISIÓN DEL PLAN GENERAL DE ORDENACIÓN DE FRONTERA EL HIERRO. ÁMBITO DE LA UNIDAD DE ACTUACIÓN F-11. ÁREA EL CANAL (SUSO I),FRONTERA,2018,ORDENACION DEL TERRITORIO,,"28.503565, -16.417129",28.503565,-16.417129,28.451965,-16.468729,28.451965,-16.468729
REDACCIÓN DOCUMENTO INICIAL ESTRATÉGICO DE LA MODIFICACIÓN DE LAS NN DE CONSERVACIÓN DEL MONUMENTO NATURAL DE VOLCANES DE ARIDANE (P-6). LA PALMA,LOS LLANOS DE ARIDANE,2018,ORDENACION DEL TERRITORIO,,"28.698700, -17.834700",28.6987,-17.8347,28.694033333333334,-17.839366666666667,28.694033333333334,-17.839366666666667
REDACCIÓN DOCUMENTO INICIAL ESTRATÉGICO DE LA MODIFICACIÓN DE LAS NN DE CONSERVACIÓN DEL SITIO DE INTERÉS CIENTÍFICO BARRANCO DEL AGUA (P-18). LA PALMA,PUNTALLANA,2018,ORDENACION DEL TERRITORIO,,"28.700700, -17.832700",28.7007,-17.8327,28.721700000000002,-17.8117,28.721700000000002,-17.8117
EVALUACIÓN AMBIENTAL ESTRATÉGICA SIMPLIFICADA DEL PLAN ESPECIAL DE PROTECCIÓN DEL SUIC DE EL PASO (LA PALMA).,EL PASO,2018,ORDENACION DEL TERRITORIO,,"28.702700, -17.830700",28.7027,-17.8307,28.7257,-17.8077,28.7257,-17.8077
"REDACCIÓN DEL AVANCE Y EL DOCUMENTO DE CONSULTA PARA EL PROCEDIMIENTO DE EVALUACIÓN AMBIENTAL DEL PLAN TERRITORIAL ESPECIAL DE ORDENACIÓN DEL BIEN DE INTERÉS CULTURAL, CON CATEGORÍA DE ZONA ARQUEOLÓGICA, DEL BARRANCO AGUA DE DIOS (TEGUESTE, LA LAGUNA – TENERIFE)",TEGUESTE,2017,ORDENACION DEL TERRITORIO,,"28.505565, -16.415129",28.505565,-16.415129,28.492565,-16.428129,28.492565,-16.428129
EVALUACIÓN AMBIENTAL ESTRATÉGICA DE LA MODIFICACIÓN PUNTUAL DE LA NORMATIVA DE ORDENACIÓN PORMENORIZADA EN RELACIÓN A LOS ESPACIOS LIBRES EN EL SUELO URBANO CONSOLIDADO POR LA URBANIZACIÓN (SUCU) DEL PLAN GENERAL DE ORDENACIÓN DE EL PASO (LA PALMA),EL PASO,2017,ORDENACION DEL TERRITORIO,,"28.704700, -17.828700",28.7047,-17.8287,28.7257,-17.8077,28.7257,-17.8077
REDACCIÓN NORMATIVA ÁMBITO EXTRACTIVO GUAMA-ARICO (DENTRO DEL PLAN TERRITORIAL PARCIAL DE ORDENACIÓN DEL COMPLEJO AMBIENTAL DE TENERIFE Y ÁMBITO EXTRACTIVO DE GUAMA-EL GRILLO),ARICO,2016,ORDENACION DEL TERRITORIO,,"28.507565, -16.413129",28.507565,-16.413129,28.485038684210526,-16.43565531578947,28.485038684210526,-16.43565531578947
MEMORIA AMBIENTAL DEL PLAN GENERAL DE ORDENACIÓN DE LA OROTAVA. TENERIFE,LA OROTAVA,2016,ORDENACION DEL TERRITORIO,,"28.509565, -16.411129",28.509565,-16.411129,28.497485,-16.423209,28.497485,-16.423209
MEMORIA AMBIENTAL DE LA APROBACIÓN INICIAL DEL PLAN INSULAR DE ORDENACIÓN DE FUERTEVENTURA,PUERTO DEL ROSARIO,2016,ORDENACION DEL TERRITORIO,,"28.349300, -14.000700",28.3493,-14.0007,28.349800000000002,-14.0002,28.349800000000002,-14.0002
MEMORIA AMBIENTAL DEL PLAN TERRITORIAL PARCIAL DE ORDENACIÓN DEL COMPLEJO AMBIENTAL DE TENERIFE Y ÁMBITO EXTRACTIVO DE GUAMA-EL GRILLO,ARICO,2016,ORDENACION DEL TERRITORIO,,"28.511565, -16.409129",28.511565,-16.409129,28.485038684210526,-16.43565531578947,28.485038684210526,-16.43565531578947
INFORME DE SOSTENIBILIDAD AMBIENTAL DEL PLAN ESPECIAL DE PROTECCIÓN DEL CONJUNTO HISTÓRICO DE LA VILLA DE TEGUISE. LANZAROTE,TEGUISE,2015,ORDENACION DEL TERRITORIO,,"29.049000, -13.619000",29.049,-13.619,29.04433333333333,-13.623666666666667,29.04433333333333,-13.623666666666667
"MEMORIA AMBIENTAL DEL PLAN GENERAL DE ORDENACIÓN DE GARAFÍA, LA PALMA.",GARAFIA,2014,ORDENACION DEL TERRITORIO,,"28.706700, -17.826700",28.7067,-17.8267,28.705808125,-17.626003625,28.705808125,-17.626003625
"MEMORIA AMBIENTAL DEL PLAN GENERAL DE ORDENACIÓN DE PUNTALLANA, LA PALMA.",PUNTALLANA,2014,ORDENACION DEL TERRITORIO,,"28.708700, -17.824700",28.7087,-17.8247,28.721700000000002,-17.8117,28.721700000000002,-17.8117
INFORME DE SOSTENIBILIDAD AMBIENTAL DE LA APROBACIÓN INICIAL DEL PLAN INSULAR DE ORDENACIÓN DE FUERTEVENTURA,PUERTO DEL ROSARIO,2014,ORDENACION DEL TERRITORIO,,"28.351300, -13.998700",28.3513,-13.9987,28.349800000000002,-14.0002,28.349800000000002,-14.0002
"INFORME DE SOSTENIBILIDAD AMBIENTAL DEL PAT SAN SEBASTIÁN. LA OROTAVA, TENERIFE.",LA OROTAVA,2014,ORDENACION DEL TERRITORIO,,"28.513565, -16.407129",28.513565,-16.407129,28.497485,-16.423209,28.497485,-16.423209
"MEMORIA AMBIENTAL DE LA REVISIÓN PARCIAL DEL PLAN GENERAL DE ORDENACIÓN DE LA OROTAVA, ÁMBITO CRUZ DE LOS MARTILLOS. TENERIFE",LA OROTAVA,2014,ORDENACION DEL TERRITORIO,,"28.515565, -16.405129",28.515565,-16.405129,28.497485,-16.423209,28.497485,-16.423209
INFORME DE SOSTENIBILIDAD AMBIENTAL DEL PLAN INSULAR DE ORDENACIÓN DE FUERTEVENTURA,PUERTO DEL ROSARIO,2014,ORDENACION DEL TERRITORIO,,"28.353300, -13.996700",28.3533,-13.9967,28.349800000000002,-14.0002,28.349800000000002,-14.0002
INFORME DE SOSTENIBILIDAD AMBIENTAL Y MEMORIA AMBIENTAL DEL PLAN DE REGADÍO DE CANARIAS,SANTA CRUZ DE TENERIFE,2013,ORDENACION DEL TERRITORIO,,"28.517565, -16.403129",28.517565,-16.403129,28.583479893617024,-16.33721410638298,28.583479893617024,-16.33721410638298
INFORME DE SOSTENIBILIDAD AMBIENTAL DEL PLAN GENERAL DE ORDENACIÓN URBANA DE SANTA ÚRSULA. TENERIFE,SANTA URSULA,2013,ORDENACION DEL TERRITORIO,,"28.519565, -16.401129",28.519565,-16.401129,28.496898333333334,-16.423795666666667,28.496898333333334,-16.423795666666667
DOCUMENTO DE APROBACIÓN DEFINITIVA DEL PLAN INSULAR DE ORDENACIÓN DE EL HIERRO,VALVERDE,2013,ORDENACION DEL TERRITORIO,,"28.521565, -16.399129",28.521565,-16.399129,28.551565,-16.369129,28.551565,-16.369129
"MEMORIA AMBIENTAL DE LA REVISIÓN PARCIAL DEL PLAN GENERAL DE ORDENACIÓN DE LA OROTAVA, SECTOR CENTRO VALLE. TENERIFE",LA OROTAVA,2013,ORDENACION DEL TERRITORIO,,"28.523565, -16.397129",28.523565,-16.397129,28.497485,-16.423209,28.497485,-16.423209
INFORME DE SOSTENIBILIDAD AMBIENTAL DEL PLAN TERRITORIAL PARCIAL DE ORDENACIÓN DEL COMPLEJO AMBIENTAL DE TENERIFE Y ÁMBITO EXTRACTIVO DE GUAMA-EL GRILLO,ARICO,2013,ORDENACION DEL TERRITORIO,,"28.525565, -16.395129",28.525565,-16.395129,28.485038684210526,-16.43565531578947,28.485038684210526,-16.43565531578947
MEMORIA AMBIENTAL DEL PLAN TERRITORIAL ESPECIAL DE ORDENACIÓN DE LA ACTIVIDAD INDUSTRIAL DE TENERIFE.,SANTA CRUZ DE TENERIFE,2013,ORDENACION DEL TERRITORIO,,"28.527565, -16.393129",28.527565,-16.393129,28.583479893617024,-16.33721410638298,28.583479893617024,-16.33721410638298
DOCUMENTO DE APROBACIÓN INICIAL DEL PLAN TERRITORIAL ESPECIAL DE ORDENACIÓN DE LA ACTIVIDAD INDUSTRIAL DE TENERIFE.,SANTA CRUZ DE TENERIFE,2013,ORDENACION DEL TERRITORIO,,"28.529565, -16.391129",28.529565,-16.391129,28.583479893617024,-16.33721410638298,28.583479893617024,-16.33721410638298
INFORME DE SOSTENIBILIDAD AMBIENTAL DEL PLAN TERRITORIAL ESPECIAL DE ORDENACIÓN DE LA ACTIVIDAD INDUSTRIAL DE TENERIFE,SANTA CRUZ DE TENERIFE,2012,ORDENACION DEL TERRITORIO,,"28.531565, -16.389129",28.531565,-16.389129,28.583479893617024,-16.33721410638298,28.583479893617024,-16.33721410638298
MEMORIA AMBIENTAL DEL PLAN GENERAL DE ORDENACIÓN DE ARICO. TENERIFE,ARICO,2012,ORDENACION DEL TERRITORIO,,"28.533565, -16.387129",28.533565,-16.387129,28.485038684210526,-16.43565531578947,28.485038684210526,-16.43565531578947
MEMORIA AMBIENTAL DEL PLAN GENERAL DE ORDENACIÓN DE ICOD DE LOS VINOS. TENERIFE,ICOD DE LOS VINOS,2012,ORDENACION DEL TERRITORIO,,"28.535565, -16.385129",28.535565,-16.385129,28.473564999999997,-16.447129,28.473564999999997,-16.447129
DOCUMENTO DE APROBACIÓN DEFINITIVA DEL PLAN ESPECIAL DE ORDENACIÓN DE LA RESERVA AMBIENTAL DE SAN BLAS (SAN MIGUEL DE ABONA – TENERIFE),SAN MIGUEL DE ABONA,2012,ORDENACION DEL TERRITORIO,,"28.537565, -16.383129",28.537565,-16.383129,28.558565,-16.362129,28.558565,-16.362129
INFORME DE SOSTENIBILIDAD AMBIENTAL DEL PLAN TERRITORIAL ESPECIAL DE PAISAJE DE LA PALMA,SANTA CRUZ DE LA PALMA,2010,ORDENACION DEL TERRITORIO,,"28.710700, -17.822700",28.7107,-17.8227,28.705899999999996,-17.8275,28.705899999999996,-17.8275
DOCUMENTO DE APROBACIÓN INICIAL DEL PLAN INSULAR DE ORDENACIÓN DE EL HIERRO,VALVERDE,2010,ORDENACION DEL TERRITORIO,,"28.539565, -16.381129",28.539565,-16.381129,28.551565,-16.369129,28.551565,-16.369129
INFORME DE SOSTENIBILIDAD AMBIENTAL DE LA REVISIÓN PARCIAL DEL PLAN GENERAL DE ORDENACIÓN DE LA OROTAVA EN EL SECTOR CENTRO VALLE,LA OROTAVA,2010,ORDENACION DEL TERRITORIO,,"28.541565, -16.379129",28.541565,-16.379129,28.497485,-16.423209,28.497485,-16.423209
INFORME DE SOSTENIBILIDAD AMBIENTAL DE LA REVISIÓN PARCIAL DEL PLAN PARCIAL OSCAR DOMÍNGUEZ,LA OROTAVA,2010,ORDENACION DEL TERRITORIO,,"28.543565, -16.377129",28.543565,-16.377129,28.497485,-16.423209,28.497485,-16.423209
INFORME DE ADAPTACIÓN DEL PLAN GENERAL DE ORDENACIÓN DE BREÑA ALTA AL PLAN TERRITORIAL ESPECIAL DE ORDENACIÓN DEL TURISMO DE LA ISLA DE LA PALMA,BREÑA ALTA,2010,ORDENACION DEL TERRITORIO,,"28.712700, -17.820700",28.7127,-17.8207,28.743900000000004,-17.789499999999997,28.743900000000004,-17.789499999999997
INFORME DE SOSTENIBILIDAD AMBIENTAL DEL PLAN ESPECIAL DE ORDENACIÓN DEL CASCO HISTÓRICO DE SANTA CRUZ DE LA PALMA,SANTA CRUZ DE LA PALMA,2010,ORDENACION DEL TERRITORIO,,"28.714700, -17.818700",28.7147,-17.8187,28.705899999999996,-17.8275,28.705899999999996,-17.8275
INFORMACIÓN AMBIENTAL DEL SUELO URBANO CONSOLIDADO DE INTERÉS CULTURAL DE SANTA CRUZ DE LA PALMA,SANTA CRUZ DE LA PALMA,2009,ORDENACION DEL TERRITORIO,,"28.716700, -17.816700",28.7167,-17.8167,28.705899999999996,-17.8275,28.705899999999996,-17.8275
MEMORIA AMBIENTAL PLAN GENERAL DE ORDENACIÓN DE GARAFÍA (LA PALMA),GARAFIA,2009,ORDENACION DEL TERRITORIO,,"28.718700, -17.814700",28.7187,-17.8147,28.705808125,-17.626003625,28.705808125,-17.626003625
MEMORIA AMBIENTAL PLAN ESPECIAL DE ORDENACIÓN DEL LITORAL DE TAZACORTE,TAZACORTE,2009,ORDENACION DEL TERRITORIO,,"28.545565, -16.375129",28.545565,-16.375129,28.667321666666666,-17.328509666666665,28.667321666666666,-17.328509666666665
INFORME DE ADAPTACIÓN DEL PLAN GENERAL DE ORDENACIÓN DE TIJARAFE AL PLAN TERRITORIAL ESPECIAL DE ORDENACIÓN DEL TURISMO DE LA ISLA DE LA PALMA,TIJARAFE,2009,ORDENACION DEL TERRITORIO,,"28.720700, -17.812700",28.7207,-17.8127,28.68298833333333,-17.312843,28.68298833333333,-17.312843
INFORME DE ADAPTACIÓN DEL PLAN GENERAL DE ORDENACIÓN DE GARAFÍA AL PLAN TERRITORIAL ESPECIAL DE ORDENACIÓN DEL TURISMO DE LA ISLA DE LA PALMA,GARAFIA,2009,ORDENACION DEL TERRITORIO,,"28.722700, -17.810700",28.7227,-17.8107,28.705808125,-17.626003625,28.705808125,-17.626003625
INFORME DE ADAPTACIÓN DEL PLAN GENERAL DE ORDENACIÓN DE TAZACORTE AL PLAN TERRITORIAL ESPECIAL DE ORDENACIÓN DEL TURISMO DE LA ISLA DE LA PALMA,TAZACORTE,2009,ORDENACION DEL TERRITORIO,,"28.724700, -17.808700",28.7247,-17.8087,28.667321666666666,-17.328509666666665,28.667321666666666,-17.328509666666665
INFORME DE ADAPTACIÓN DEL PLAN GENERAL DE ORDENACIÓN DE PUNTALLANA AL PLAN TERRITORIAL ESPECIAL DE ORDENACIÓN DEL TURISMO DE LA ISLA DE LA PALMA,PUNTALLANA,2009,ORDENACION DEL TERRITORIO,,"28.726700, -17.806700",28.7267,-17.8067,28.721700000000002,-17.8117,28.721700000000002,-17.8117
MEMORIA AMBIENTAL DEL PLAN ESPECIAL DE ORDENACIÓN DEL CASCO DE LA OROTAVA (TENERIFE),LA OROTAVA,2009,ORDENACION DEL TERRITORIO,,"28.547565, -16.373129",28.547565,-16.373129,28.497485,-16.423209,28.497485,-16.423209
INFORME DE SOSTENIBILIDAD DE LA MODIFICACIÓN PUNTUAL DEL PGO DE LA OROTAVA. UNIDAD ACTUACIÓN EL DRAGO 1,LA OROTAVA,2009,ORDENACION DEL TERRITORIO,,"28.549565, -16.371129",28.549565,-16.371129,28.497485,-16.423209,28.497485,-16.423209
"INFORME DE SOSTENIBILIDAD DE LA MODIFICACIÓN PUNTUAL DEL PLAN GENERAL DE ORDENACIÓN DE LA OROTAVA, UNIDAD DE ACTUACIÓN “LOS PINOS”",LA OROTAVA,2009,ORDENACION DEL TERRITORIO,,"28.551565, -16.369129",28.551565,-16.369129,28.497485,-16.423209,28.497485,-16.423209
INFORME DE SOSTENIBILIDAD DE LA MODIFICACIÓN PUNTUAL DEL PLAN GENERAL DE ORDENACIÓN DE LA OROTAVA. UNIDAD DE ACTUACIÓN EL MONTURRIO (TENERIFE),LA OROTAVA,2009,ORDENACION DEL TERRITORIO,,"28.553565, -16.367129",28.553565,-16.367129,28.497485,-16.423209,28.497485,-16.423209
INFORME DE SOSTENIBILIDAD DE LA MODIFICACIÓN PUNTUAL DEL PLAN GENERAL DE ORDENACIÓN DE LA OROTAVA. SECTOR OPUNTIA (TENERIFE),LA OROTAVA,2009,ORDENACION DEL TERRITORIO,,"28.555565, -16.365129",28.555565,-16.365129,28.497485,-16.423209,28.497485,-16.423209
MEMORIA AMBIENTAL DEL PLAN ESPECIAL DE ORDENACIÓN DE LA RESERVA AMBIENTAL DE SAN BLAS (SAN MIGUEL DE ABONA – TENERIFE),SAN MIGUEL DE ABONA,2009,ORDENACION DEL TERRITORIO,,"28.557565, -16.363129",28.557565,-16.363129,28.558565,-16.362129,28.558565,-16.362129
MEMORIA AMBIENTAL DEL PLAN INSULAR DE ORDENACIÓN DE EL HIERRO,VALVERDE,2009,ORDENACION DEL TERRITORIO,,"28.559565, -16.361129",28.559565,-16.361129,28.551565,-16.369129,28.551565,-16.369129
INFORME DE SOSTENIBILIDAD DEL PLAN GENERAL DE ORDENACIÓN DE SANTA ÚRSULA (TENERIFE),SANTA URSULA,2008,ORDENACION DEL TERRITORIO,,"28.561565, -16.359129",28.561565,-16.359129,28.496898333333334,-16.423795666666667,28.496898333333334,-16.423795666666667
INFORME SOBRE IMPACTO DEL PLAN RECTOR DE USO Y GESTIÓN DEL PARQUE NATURAL LA CORONA FORESTAL EN EL MUNICIPIO DE ARICO. (TENERIFE),ARICO,2008,ORDENACION DEL TERRITORIO,,"28.563565, -16.357129",28.563565,-16.357129,28.485038684210526,-16.43565531578947,28.485038684210526,-16.43565531578947
INFORME DE SOSTENIBILIDAD DEL PLAN GENERAL DE ORDENACIÓN DE PUNTALLANA (LA PALMA),PUNTALLANA,2008,ORDENACION DEL TERRITORIO,,"28.728700, -17.804700",28.7287,-17.8047,28.721700000000002,-17.8117,28.721700000000002,-17.8117
INFORME DE SOSTENIBILIDAD DEL PLAN GENERAL DE ORDENACIÓN DE TAZACORTE (LA PALMA),TAZACORTE,2008,ORDENACION DEL TERRITORIO,,"28.730700, -17.802700",28.7307,-17.8027,28.667321666666666,-17.328509666666665,28.667321666666666,-17.328509666666665
INFORME DE SOSTENIBILIDAD DEL PLAN ESPECIAL DE ORDENACIÓN DEL CASCO DE LA OROTAVA (TENERIFE),LA OROTAVA,2008,ORDENACION DEL TERRITORIO,,"28.565565, -16.355129",28.565565,-16.355129,28.497485,-16.423209,28.497485,-16.423209
INFORME DE SOSTENIBILIDAD DEL PLAN GENERAL DE ORDENACIÓN DE GARAFÍA (LA PALMA),GARAFIA,2008,ORDENACION DEL TERRITORIO,,"28.732700, -17.800700",28.7327,-17.8007,28.705808125,-17.626003625,28.705808125,-17.626003625
DOCUMENTO DE APROBACIÓN INICIAL DEL PLAN ESPECIAL DE ORDENACIÓN DE LA RESERVA AMBIENTAL DE SAN BLAS (SAN MIGUEL DE ABONA – TENERIFE),SAN MIGUEL DE ABONA,2008,ORDENACION DEL TERRITORIO,,"28.567565, -16.353129",28.567565,-16.353129,28.558565,-16.362129,28.558565,-16.362129
AVANCE DE MODIFICACIÓN DEL PLAN INSULAR DE TENERIFE. (implantación de plantas fotovoltaicas en suelo rústico incluido en ARH de protección económica 1 y 3 de acuerdo con el PIOT),SANTA CRUZ DE TENERIFE,2008,ORDENACION DEL TERRITORIO,,"28.569565, -16.351129",28.569565,-16.351129,28.583479893617024,-16.33721410638298,28.583479893617024,-16.33721410638298
INFORME DE SOSTENIBILIDAD DEL AVANCE DEL PLAN GENERAL DE ORDENACIÓN DE ARICO (TENERIFE),ARICO,2008,ORDENACION DEL TERRITORIO,,"28.573565, -16.347129",28.573565,-16.347129,28.485038684210526,-16.43565531578947,28.485038684210526,-16.43565531578947
AVANCE DE ORDENACIÓN DEL SUELO RÚSTICO DEL MUNICIPIO DE ARICO – PLAN GENERAL DE ORDENACIÓN DE ARICO (TENERIFE),ARICO,2008,ORDENACION DEL TERRITORIO,,"28.575565, -16.345129",28.575565,-16.345129,28.485038684210526,-16.43565531578947,28.485038684210526,-16.43565531578947
INFORME DE SOSTENIBILIDAD PLAN GENERAL DE ORDENACIÓN DE EL PASO. AYUNTAMIENTO DE EL PASO (LA PALMA),EL PASO,2008,ORDENACION DEL TERRITORIO,,"28.734700, -17.798700",28.7347,-17.7987,28.7257,-17.8077,28.7257,-17.8077
INFORME ADAPTACIÓN NORMAS SUBSIDIARIAS DE ARICO AL TEXTO REFUNDIDO DE LAS LEYES DE ORDENACIÓN DEL TERRITORIO Y ESPACIOS NATURALES DE CANARIAS. AYUNTAMIENTO DE ARICO (TENERIFE),ARICO,2008,ORDENACION DEL TERRITORIO,,"28.577565, -16.343129",28.577565,-16.343129,28.485038684210526,-16.43565531578947,28.485038684210526,-16.43565531578947
MEMORIA AMBIENTAL PLAN GENERAL DE ORDENACIÓN DE TIJARAFE (LA PALMA),TIJARAFE,2008,ORDENACION DEL TERRITORIO,,"28.736700, -17.796700",28.7367,-17.7967,28.68298833333333,-17.312843,28.68298833333333,-17.312843
INFORME DE SOSTENIBILIDAD DE LA REVISIÓN DEL PLAN GENERAL DE ORDENACIÓN DE PUNTALLANA (LA PALMA),PUNTALLANA,2008,ORDENACION DEL TERRITORIO,,"28.738700, -17.794700",28.7387,-17.7947,28.721700000000002,-17.8117,28.721700000000002,-17.8117
MEMORIA AMBIENTAL (CAMBIOS SUSTANCIALES) PLAN GENERAL DE BREÑA ALTA (LA PALMA),BREÑA ALTA,2008,ORDENACION DEL TERRITORIO,,"28.740700, -17.792700",28.7407,-17.7927,28.743900000000004,-17.789499999999997,28.743900000000004,-17.789499999999997
INFORME DE SOSTENIBILIDAD PROYECTO DE ACTUACIÓN TERRITORIAL DE PLANTA FOTOVOLTAICA EN AGACHE – GÜÍMAR (TENERIFE),GÜIMAR,2008,ORDENACION DEL TERRITORIO,,"28.579565, -16.341129",28.579565,-16.341129,28.495565,-16.425129000000002,28.495565,-16.425129000000002
APROBACIÓN INICIAL DEL PLAN ESPECIAL DE ORDENACIÓN DE EDIFICACIONES CENSADAS. AYUNTAMIENTO DE PUNTALLANA (LA PALMA),PUNTALLANA,2007,ORDENACION DEL TERRITORIO,,"28.742700, -17.790700",28.7427,-17.7907,28.721700000000002,-17.8117,28.721700000000002,-17.8117
INFORME DE SOSTENIBILIDAD DEL PLAN ESPECIAL DE ORDENACIÓN DE EDIFICACIONES CENSADAS. AYUNTAMIENTO DE PUNTALLANA (LA PALMA),PUNTALLANA,2007,ORDENACION DEL TERRITORIO,,"28.744700, -17.788700",28.7447,-17.7887,28.721700000000002,-17.8117,28.721700000000002,-17.8117
APROBACIÓN INICIAL DEL PLAN ESPECIAL DE ORDENACIÓN DEL ÁMBITO DEL SISTEMA GENERAL DE EQUIPAMIENTO CIENTÍFICO DEL ROQUE DE LOS MUCHACHOS. AYUNTAMIENTO DE GARAFÍA (LA PALMA),GARAFIA,2007,ORDENACION DEL TERRITORIO,,"28.746700, -17.786700",28.7467,-17.7867,28.705808125,-17.626003625,28.705808125,-17.626003625
INFORME DE SOSTENIBILIDAD DEL PLAN ESPECIAL DE ORDENACIÓN DEL ÁMBITO DEL SISTEMA GENERAL DE EQUIPAMIENTO CIENTÍFICO DEL ROQUE DE LOS MUCHACHOS. AYUNTAMIENTO DE GARAFÍA (LA PALMA),GARAFIA,2007,ORDENACION DEL TERRITORIO,,"28.748700, -17.784700",28.7487,-17.7847,28.705808125,-17.626003625,28.705808125,-17.626003625
MEMORIA AMBIENTAL DEL PLAN ESPECIAL DE ORDENACIÓN DEL LITORAL (PEOL-3) PUERTO DE TAZACORTE,TAZACORTE,2007,ORDENACION DEL TERRITORIO,,"28.581565, -16.339129",28.581565,-16.339129,28.667321666666666,-17.328509666666665,28.667321666666666,-17.328509666666665
REDACCIÓN DE AVANCE DEL PLAN ESPECIAL TERRITORIAL DE ORDENACIÓN DEL ÁMBITO DE SAN BLAS (SAN MIGUEL – TENERIFE),SAN MIGUEL DE ABONA,2007,ORDENACION DEL TERRITORIO,,"28.583565, -16.337129",28.583565,-16.337129,28.558565,-16.362129,28.558565,-16.362129
INFORME DE SOSTENIBILIDAD DEL PLAN INSULAR DE ORDENACIÓN DE EL HIERRO.,VALVERDE,2007,ORDENACION DEL TERRITORIO,,"28.585565, -16.335129",28.585565,-16.335129,28.551565,-16.369129,28.551565,-16.369129
MEMORIA AMBIENTAL DEL PLAN GENERAL DE ORDENACIÓN DE BREÑA ALTA (LA PALMA). Ley 9/2006,BREÑA ALTA,2007,ORDENACION DEL TERRITORIO,,"28.750700, -17.782700",28.7507,-17.7827,28.743900000000004,-17.789499999999997,28.743900000000004,-17.789499999999997
INFORME DE SOSTENIBILIDAD DEL PLAN ESPECIAL DE ORDENACIÓN DEL LITORAL (PEOL-3) PUERTO DE TAZACORTE. ISLA DE LA PALMA. Ley 9/2006,TAZACORTE,2006,ORDENACION DEL TERRITORIO,,"28.752700, -17.780700",28.7527,-17.7807,28.667321666666666,-17.328509666666665,28.667321666666666,-17.328509666666665
INFORME DE SOSTENIBILIDAD DEL PLAN GENERAL DE ORDENACIÓN DE GARAFÍA.,GARAFIA,2006,ORDENACION DEL TERRITORIO,,"28.589565, -16.331129",28.589565,-16.331129,28.705808125,-17.626003625,28.705808125,-17.626003625
INFORME DE SOSTENIBILIDAD DEL PLAN GENERAL DE ORDENACIÓN DE TIJARAFE.,TIJARAFE,2006,ORDENACION DEL TERRITORIO,,"28.591565, -16.329129",28.591565,-16.329129,28.68298833333333,-17.312843,28.68298833333333,-17.312843
NORMAS DE CONSERVACIÓN DEL SITIO DE INTERÉS CIENTÍFICO DE LA CALETA (TENERIFE),ADEJE,2006,ORDENACION DEL TERRITORIO,,"28.593565, -16.327129",28.593565,-16.327129,28.416315,-16.504379,28.416315,-16.504379
NORMAS DE CONSERVACIÓN DEL SITIO DE INTERÉS CIENTÍFICO DE LOS ACANTILADOS DE ISORANA (TENERIFE),GUIA DE ISORA,2006,ORDENACION DEL TERRITORIO,,"28.595565, -16.325129",28.595565,-16.325129,28.473031666666667,-16.447662333333334,28.473031666666667,-16.447662333333334
NORMAS DE CONSERVACIÓN DEL SITIO DE INTERÉS CIENTÍFICO DE BARRANCO DE RUIZ (TENERIFE),SAN JUAN DE LA RAMBLA,2006,ORDENACION DEL TERRITORIO,,"28.597565, -16.323129",28.597565,-16.323129,28.597565,-16.323129,28.597565,-16.323129
NORMAS DE CONSERVACIÓN DEL SITIO DE INTERÉS CIENTÍFICO DE INTERIAN (TENERIFE),GARACHICO,2006,ORDENACION DEL TERRITORIO,,"28.599565, -16.321129",28.599565,-16.321129,28.619565,-16.301129,28.619565,-16.301129
CONTENIDOS AMBIENTALES DEL AVANCE DEL PLAN GENERAL DE ORDENACIÓN DEL MUNICIPIO DE LOS SILOS(TENERIFE),LOS SILOS,2006,ORDENACION DEL TERRITORIO,,"28.601565, -16.319129",28.601565,-16.319129,28.465564999999998,-16.455129,28.465564999999998,-16.455129
ACTUALIZACIÓN DE BASES DE DATOS GEORREFERENCIADA DE MAPAS DE CULTIVOS DE CANARIAS PARA SU POSTERIOR EXPLOTACIÓN ESTADÍSTICA (INCORPORACIÓN NUEVO MAPA DE CULTIVOS DE GRAN CANARIA),LAS PALMAS DE GRAN CANARIA,2025,DESARROLLO RURAL,,"27.981000, -15.586000",27.981,-15.586,27.977800000000002,-15.5892,27.977800000000002,-15.5892
ANÁLISIS DE RESULTADOS Y EVOLUCIÓN DEL MAPA DE CULTIVOS DE GRAN CANARIA.,LAS PALMAS DE GRAN CANARIA,2013,DESARROLLO RURAL,,"27.983000, -15.584000",27.983,-15.584,27.977800000000002,-15.5892,27.977800000000002,-15.5892
ANÁLISIS DE RESULTADOS DE LA ENCUESTA RURAL DE TENERIFE,SANTA CRUZ DE TENERIFE,2008,DESARROLLO RURAL,,"28.609565, -16.311129",28.609565,-16.311129,28.583479893617024,-16.33721410638298,28.583479893617024,-16.33721410638298
"ANÁLISIS SOCIOECONÓMICO Y TIPIFICACIÓN DEL MEDIO RURAL DE TENERIFE DE CARA A LA PREPARACIÓN DE UNA ENCUESTA SOCIOECONÓMICA COMPLEMENTARIA A LA REVISIÓN DEL ""MAPA DE CULTIVOS DE LA ISLA DE TENERIFE""",SANTA CRUZ DE TENERIFE,2003,DESARROLLO RURAL,,"28.613565, -16.307129",28.613565,-16.307129,28.583479893617024,-16.33721410638298,28.583479893617024,-16.33721410638298
DISEÑO DE LA METODOLOGÍA DE ANÁLISIS DE LAS ZONAS RURALES DE LA ISLA DE TENERIFE,SANTA CRUZ DE TENERIFE,2001,DESARROLLO RURAL,,"28.615565, -16.305129",28.615565,-16.305129,28.583479893617024,-16.33721410638298,28.583479893617024,-16.33721410638298
ESTUDIO DEL PAISAJE PARA EL PROYECTO DE INTERÉS INSULAR PARQUE REGENERATIVO UNDERWATER GARDENS PARK TENERIFE ,ALCALA,EN REDACCION,ESTUDIOS TERRITORIALES,,"28.617565, -16.303129",28.617565,-16.303129,28.617565,-16.303129,28.617565,-16.303129
COLABORACIÓN EN EL EQUIPO REDACTOR DEL MODELO DE DESARROLLO SOSTENIBLE Y PLAN DE ACCIÓN PARA EL PRESENTE Y FUTURO DE LAS POLÍTICAS TERRITORIALES DEL MUNICIPIO DE SAN CRISTÓBAL DE LA LAGUNA. Proyecto redactado por la Fundación Ecología Urbana y Territorial y Cabrera-Febles Estudio de Arquitectura.,SAN CRISTOBAL DE LA LAGUNA,2024,ESTUDIOS TERRITORIALES,,"28.619565, -16.301129",28.619565,-16.301129,28.51233423076923,-16.408359769230767,28.51233423076923,-16.408359769230767
"REDACCIÓN DE UN DOCUMENTO DE APOYO DE UNA ESTRATEGIA ESPECÍFICA DE DESARROLLO DE LA RED CANARIA DE RESERVAS DE LA BIOSFERA Y LOS GEOPARQUES, ASÍ COMO UNA PROPUESTA DE GRANDES LÍNEAS DE ACTUACIÓN.",SANTA CRUZ DE TENERIFE,2022,ESTUDIOS TERRITORIALES,,"28.621565, -16.299129",28.621565,-16.299129,28.583479893617024,-16.33721410638298,28.583479893617024,-16.33721410638298
"INFORME SOCIODEMOGRÁFICO PARA LA MODIFICACIÓN MENOR DEL PLAN ESPECIAL MONTAÑA DEL ARCO (SAN CRISTÓBAL DE LA LAGUNA, TENERIFE)",SAN CRISTOBAL DE LA LAGUNA,2022,ESTUDIOS TERRITORIALES,,"28.623565, -16.297129",28.623565,-16.297129,28.51233423076923,-16.408359769230767,28.51233423076923,-16.408359769230767
INFORME IMPACTO EMPRESARIAL DEL PLAN GENERAL DE ORDENACIÓN DE LA OROTAVA.,LA OROTAVA,2021,ESTUDIOS TERRITORIALES,,"28.625565, -16.295129",28.625565,-16.295129,28.497485,-16.423209,28.497485,-16.423209
"REDACCIÓN DEL INFORME DE EVALUACIÓN Y SEGUIMIENTO DE LAS ACTUACIONES PREVISTAS EN EL PRIT Y DESARROLLADAS EN EL PMM. ACCIÓN GE1702 “PROGRAMA DE SEGUIMIENTO Y MONITORIZACIÓN DEL PLAN”, T.M. PUERTO DE LA CRUZ",PUERTO DE LA CRUZ,2021,ESTUDIOS TERRITORIALES,,"28.627565, -16.293129",28.627565,-16.293129,28.627565,-16.293129,28.627565,-16.293129
ESTUDIO DE VISIBILIDAD Y RECOMENDACIÓN DE INTEGRACIÓN PAISAJÍSTICA DE PLACAS FOTOVOLTAICAS EN LAS INSTALACIONES DE TELEFÉRICO DEL TEIDE.,LA OROTAVA,2020,ESTUDIOS TERRITORIALES,,"28.629565, -16.291129",28.629565,-16.291129,28.497485,-16.423209,28.497485,-16.423209
"ESTUDIO DEL CAUCE DEL TRAMO DE BARRANCO DE LA PUNTA BLANCA DESDE TF-47 HASTA DESEMBOCADURA EN LA PIEDRA NAVIO (ÁMBITO DE PUNTA BLANCA, GUÍA DE ISORA, TENERIFE).",GUIA DE ISORA,2020,ESTUDIOS TERRITORIALES,,"28.631565, -16.289129",28.631565,-16.289129,28.473031666666667,-16.447662333333334,28.473031666666667,-16.447662333333334
ESTUDIO SOCIOECONÓMICO DEL MUNICIPIO DE LA OROTAVA. DOCUMENTO PERTENECIENTE AL PLAN GENERAL DE ORDENACIÓN,LA OROTAVA,2011,ESTUDIOS TERRITORIALES,,"28.637565, -16.283129",28.637565,-16.283129,28.497485,-16.423209,28.497485,-16.423209
"INFORME DE IDENTIFICACIÓN Y CARACTERIZACIÓN GEOLÓGICA Y GEOMORFOLÓGICA DE MATERIALES VOLCÁNICOS EXTRACTIVOS EN LAS CANTERAS DE MONTES DE LUNA, CALLEJONES Y CALLEJÓN DE LA GATA, EN LA ISLA DE LA PALMA.",VILLA DE MAZO,2009,ESTUDIOS TERRITORIALES,,"28.754700, -17.778700",28.7547,-17.7787,28.6897,-17.843700000000002,28.6897,-17.843700000000002
ESTUDIO BÁSICO DE RIESGOS NATURALES DEL MUNICIPIO DE GARACHICO (TENERIFE),GARACHICO,2009,ESTUDIOS TERRITORIALES,,"28.639565, -16.281129",28.639565,-16.281129,28.619565,-16.301129,28.619565,-16.301129
ESTUDIO BÁSICO DE RIESGOS NATURALES DEL MUNICIPIO DE ARICO (TENERIFE),ARICO,2008,ESTUDIOS TERRITORIALES,,"28.641565, -16.279129",28.641565,-16.279129,28.485038684210526,-16.43565531578947,28.485038684210526,-16.43565531578947
ESTUDIO DE RIESGOS DE AVENIDA Y DESPRENDIMIENTOS DEL MUNICIPIO DE GUÍA DE ISORA (TENERIFE),GUIA DE ISORA,2008,ESTUDIOS TERRITORIALES,,"28.643565, -16.277129",28.643565,-16.277129,28.473031666666667,-16.447662333333334,28.473031666666667,-16.447662333333334
REVISIÓN ESTUDIO HÍDRICO BREÑA ALTA (LA PALMA),BREÑA ALTA,2007,ESTUDIOS TERRITORIALES,,"28.756700, -17.776700",28.7567,-17.7767,28.743900000000004,-17.789499999999997,28.743900000000004,-17.789499999999997
ESTUDIO DE INUNDABILIDAD DE LOS TRAMOS DE BARRANCO AFECTADOS POR ASENTAMIENTOS RURALES Y SUELOS URBANOS EN EL DOCUMENTO DE APROBACIÓN INICIAL DEL PGO DE BREÑA ALTA (LA PALMA),BREÑA ALTA,2011,ESTUDIOS TERRITORIALES,,"28.758700, -17.774700",28.7587,-17.7747,28.743900000000004,-17.789499999999997,28.743900000000004,-17.789499999999997
REVISIÓN DEL ANÁLISIS DEMOGRAFICO DEL MUNICIPIO DE TEROR (GRAN CANARIA) PARA LA REDACCIÓN DEL PLAN GENERAL DE ORDENACIÓN.,LAS PALMAS DE GRAN CANARIA,2009,ESTUDIOS TERRITORIALES,,"27.985000, -15.582000",27.985,-15.582,27.977800000000002,-15.5892,27.977800000000002,-15.5892
REVISIÓN DEL ANÁLISIS DEMOGRAFICO DEL MUNICIPIO DE TACORONTE (TENERIFE) PARA LA REDACCIÓN DEL PLAN GENERAL DE ORDENACIÓN.,TACORONTE,2008,ESTUDIOS TERRITORIALES,,"28.645565, -16.275129",28.645565,-16.275129,28.601564999999997,-16.319129,28.601564999999997,-16.319129
ACTUALIZACIÓN ENCUESTA DE INFRAESTRUCTURAS Y EQUIPAMIENTOS LOCALES DE LOS MUNICIPIOS DE SANTA CRUZ DE TENERIFE Y SAN CRISTÓBAL DE LA LAGUNA,SANTA CRUZ DE TENERIFE,2007,ESTUDIOS TERRITORIALES,,"28.647565, -16.273129",28.647565,-16.273129,28.583479893617024,-16.33721410638298,28.583479893617024,-16.33721410638298
ATLAS COMERCIAL ÁREA METROPOLITANA DE TENERIFE,SANTA CRUZ DE TENERIFE,2007,ESTUDIOS TERRITORIALES,,"28.649565, -16.271129",28.649565,-16.271129,28.583479893617024,-16.33721410638298,28.583479893617024,-16.33721410638298
ANÁLISIS DE LA SITUACIÓN AGRARIA DEL MUNICIPIO DE GÜÍMAR (TENERIFE) PARA LA REDACCIÓN DEL PLAN GENERAL DE ORDENACIÓN,GÜIMAR,2007,ESTUDIOS TERRITORIALES,,"28.651565, -16.269129",28.651565,-16.269129,28.495565,-16.425129000000002,28.495565,-16.425129000000002
"DIAGNÓSTICOS ZONALES Y SECTORIALES DE OPORTUNIDADES DE INVERSIÓN, EMPLEO Y AUTOEMPLEO DE SANTA CRUZ DE TENERIFE",SANTA CRUZ DE TENERIFE,2007,ESTUDIOS TERRITORIALES,,"28.653565, -16.267129",28.653565,-16.267129,28.583479893617024,-16.33721410638298,28.583479893617024,-16.33721410638298
ANÁLISIS TERRITORIAL DE LOS ASENTAMIENTOS RURALES DE LOS ÁMBITOS DE GUAMASA Y ZONA CENTRO PARA LA REVISIÓN DEL PLAN GENERAL DE ORDENACIÓN DE SAN CRISTÓBAL DE LA LAGUNA (TENERIFE),SAN CRISTOBAL DE LA LAGUNA,2007,ESTUDIOS TERRITORIALES,,"28.655565, -16.265129",28.655565,-16.265129,28.51233423076923,-16.408359769230767,28.51233423076923,-16.408359769230767
ESTUDIO SOCIOECONÓMICO Y DEMOGRÁFICO DE LOS ÁMBITOS DE GUAMASA Y ZONA CENTRO PARA LA REVISIÓN DEL PLAN GENERAL DE ORDENACIÓN DE SAN CRISTÓBAL DE LA LAGUNA (TENERIFE),SAN CRISTOBAL DE LA LAGUNA,2007,ESTUDIOS TERRITORIALES,,"28.657565, -16.263129",28.657565,-16.263129,28.51233423076923,-16.408359769230767,28.51233423076923,-16.408359769230767
ANÁLISIS DEMOGRAFICO DEL MUNICIPIO DE TEROR (GRAN CANARIA) PARA LA REDACCIÓN DEL PLAN GENERAL DE ORDENACIÓN.,TEROR,2006,ESTUDIOS TERRITORIALES,,"27.987000, -15.580000",27.987,-15.58,27.987,-15.58,27.987,-15.58
ANÁLISIS DEMOGRAFICO DEL MUNICIPIO DE GÜÍMAR (TENERIFE) PARA LA REDACCIÓN DEL PLAN GENERAL DE ORDENACIÓN.,GÜIMAR,2005,ESTUDIOS TERRITORIALES,,"28.659565, -16.261129",28.659565,-16.261129,28.495565,-16.425129000000002,28.495565,-16.425129000000002
ANÁLISIS DEMOGRAFICO DEL MUNICIPIO DE HARÍA (LANZAROTE) PARA LA REDACCIÓN DEL PLAN GENERAL DE ORDENACIÓN.,HARIA,2005,ESTUDIOS TERRITORIALES,,"29.051000, -13.617000",29.051,-13.617,29.051,-13.617,29.051,-13.617
ACTUALIZACIÓN DEL CATÁLOGO DE ÁREAS Y POLÍGONOS INDUSTRIALES DE TENERIFE: ATLAS INDUSTRIAL DE TENERIFE,SANTA CRUZ DE TENERIFE,2004,ESTUDIOS TERRITORIALES,,"28.661565, -16.259129",28.661565,-16.259129,28.583479893617024,-16.33721410638298,28.583479893617024,-16.33721410638298
ANÁLISIS DEMOGRAFICO DEL MUNICIPIO DE TACORONTE (TENERIFE) PARA LA REDACCIÓN DEL PLAN GENERAL DE ORDENACIÓN.,TACORONTE,2004,ESTUDIOS TERRITORIALES,,"28.663565, -16.257129",28.663565,-16.257129,28.601564999999997,-16.319129,28.601564999999997,-16.319129
ELABORACIÓN DE UNA BASE DE DATOS GEORREFERENCIADA DE LAS CANTERAS EN ACTIVO EN TENERIFE,SANTA CRUZ DE TENERIFE,2001,ESTUDIOS TERRITORIALES,,"28.667565, -16.253129",28.667565,-16.253129,28.583479893617024,-16.33721410638298,28.583479893617024,-16.33721410638298
CALCULO DE LOS DÉFICIT MUNICIPALES EN INFRAESTRUCTURAS EN LA ISLA DE TENERIFE,SANTA CRUZ DE TENERIFE,2001,ESTUDIOS TERRITORIALES,,"28.669565, -16.251129",28.669565,-16.251129,28.583479893617024,-16.33721410638298,28.583479893617024,-16.33721410638298
BASE DE DATOS GEORREFERENCIADA DE LOS DÉFICIT DE EQUIPAMIENTOS DE LOS NÚCLEOS DE LA ISLA DE TENERIFE,SANTA CRUZ DE TENERIFE,2001,ESTUDIOS TERRITORIALES,,"28.671565, -16.249129",28.671565,-16.249129,28.583479893617024,-16.33721410638298,28.583479893617024,-16.33721410638298
ANÁLISIS DE LA SITUACIÓN DEL EMPLEO Y LAS DIRECTRICES DE FORMACIÓN TERRITORIALIZADAS EN EL ÁMBITO DE NÚCLEO DE POBLACIÓN,SANTA CRUZ DE TENERIFE,2000,ESTUDIOS TERRITORIALES,,"28.673565, -16.247129",28.673565,-16.247129,28.583479893617024,-16.33721410638298,28.583479893617024,-16.33721410638298
ESTIMACIÓN Y GEORREFERENCIACIÓN DE LA POBLACIÓN ASOCIADA A LOS CÓDIGOS POSTALES DE LA ISLA DE TENERIFE,SANTA CRUZ DE TENERIFE,2000,ESTUDIOS TERRITORIALES,,"28.675565, -16.245129",28.675565,-16.245129,28.583479893617024,-16.33721410638298,28.583479893617024,-16.33721410638298
GEOREFERENCIACIÓN DEL CENSO DE EMPRESA DE SANTA CRUZ DE TENERIFE SEGÚN EL IAE (2018). SANTA CRUZ DE TENERIFE,SANTA CRUZ DE TENERIFE,2018,SISTEMAS DE INFORMACION GEOGRAFICA Y CARTOGRAFICA,,"28.677565, -16.243129",28.677565,-16.243129,28.583479893617024,-16.33721410638298,28.583479893617024,-16.33721410638298
APOYO TECNOLÓGICO AL “PROYECTO PILOTO DE INFORMACIÓN SOBRE ACCESIBILIDAD PARA SU INCORPORACIÓN EN PLATAFORMA INSULAR” EN PARA EL ÁREA DE ACCESIBILIDAD DE LA SOCIEDAD INSULAR PARA LA PROMOCIÓN DE LAS PERSONAS CON DISCAPACIDAD S.L.,SANTA CRUZ DE TENERIFE,2017,SISTEMAS DE INFORMACION GEOGRAFICA Y CARTOGRAFICA,,"28.679565, -16.241129",28.679565,-16.241129,28.583479893617024,-16.33721410638298,28.583479893617024,-16.33721410638298
PRESTACIÓN DE SERVICIOS DOCENTES DE LA ACCIÓN FORMATIVA INICIACIÓN A LOS SISTEMAS DE INFORMACIÓN GEOGRÁFICA: QGIS PARA PROYECTOS DE ACCESIBILIDAD,SANTA CRUZ DE TENERIFE,2016,SISTEMAS DE INFORMACION GEOGRAFICA Y CARTOGRAFICA,,"28.681565, -16.239129",28.681565,-16.239129,28.583479893617024,-16.33721410638298,28.583479893617024,-16.33721410638298
ACTUALIZACIÓN DE LA DIGITALIZACIÓN DE LA MUESTRA ESTADÍSTICA DE ESTABLECIMIENTOS TURÍSTICOS DE LA ISLA DE TENERIFE,SANTA CRUZ DE TENERIFE,2012,SISTEMAS DE INFORMACION GEOGRAFICA Y CARTOGRAFICA,,"28.683565, -16.237129",28.683565,-16.237129,28.583479893617024,-16.33721410638298,28.583479893617024,-16.33721410638298
"GEORREFERENCIACIÓN DE LAS VALLAS PUBLICITARIAS EN EL ENTORNO DEL ÁREA METROPOLITANA DE TENERIFE, GESTIÓN DE GOOGLE MAPS, GOOGLE EARTH Y ELABORACIÓN DE MAPAS CON INFORMACIÓN DE INTERÉS PARA CONTRATANTES",SANTA CRUZ DE TENERIFE,2011,SISTEMAS DE INFORMACION GEOGRAFICA Y CARTOGRAFICA,,"28.685565, -16.235129",28.685565,-16.235129,28.583479893617024,-16.33721410638298,28.583479893617024,-16.33721410638298
REVISIÓN DE LOS CONTENIDOS DE LA SECCIÓN ATLAS DIGITAL DEL SITIO,SANTA CRUZ DE TENERIFE,2011,SISTEMAS DE INFORMACION GEOGRAFICA Y CARTOGRAFICA,,"28.687565, -16.233129",28.687565,-16.233129,28.583479893617024,-16.33721410638298,28.583479893617024,-16.33721410638298
"GEORREFERENCIACIÓN DE LOS HITOS DE LAS DOCE RUTAS EN COCHE EDITADAS POR TENERIFE RURAL, TANTO EN GOOGLE MAPS COMO EN FOURSQUARE",SANTA CRUZ DE TENERIFE,2011,SISTEMAS DE INFORMACION GEOGRAFICA Y CARTOGRAFICA,,"28.689565, -16.231129",28.689565,-16.231129,28.583479893617024,-16.33721410638298,28.583479893617024,-16.33721410638298
DIGITALIZACIÓN DE LA INFORMACIÓN DE LA PÁGINA WEB www.todotenerife.es,SANTA CRUZ DE TENERIFE,2009,SISTEMAS DE INFORMACION GEOGRAFICA Y CARTOGRAFICA,,"28.691565, -16.229129",28.691565,-16.229129,28.583479893617024,-16.33721410638298,28.583479893617024,-16.33721410638298
DIAGNÓSTICO DE LA WEB DEL BANCO DE DATOS DEL CABILDO DE TENERIFE,SANTA CRUZ DE TENERIFE,2007,SISTEMAS DE INFORMACION GEOGRAFICA Y CARTOGRAFICA,,"28.693565, -16.227129",28.693565,-16.227129,28.583479893617024,-16.33721410638298,28.583479893617024,-16.33721410638298
DIGITALIZACIÓN DE LA MUESTRA ESTADÍSTICA DE ESTABLECIMIENTOS TURÍSTICOS DE LA ISLA DE TENERIFE,SANTA CRUZ DE TENERIFE,2006,SISTEMAS DE INFORMACION GEOGRAFICA Y CARTOGRAFICA,,"28.695565, -16.225129",28.695565,-16.225129,28.583479893617024,-16.33721410638298,28.583479893617024,-16.33721410638298
ANÁLISIS DE LA INFORMACIÓN TERRITORIAL EXISTENTE DENTRO DEL CABILDO DE TENERIFE SUSCEPTIBLE DE FORMAR PARTE DE LA FUTURA INICIATIVA ATLAS DE TENERIFE,SANTA CRUZ DE TENERIFE,2005,SISTEMAS DE INFORMACION GEOGRAFICA Y CARTOGRAFICA,,"28.697565, -16.223129",28.697565,-16.223129,28.583479893617024,-16.33721410638298,28.583479893617024,-16.33721410638298
GEORREFERENCIACIÓN DE LOS RECURSOS CONTENIDOS EN LA GUÍA DE RECURSOS SOCIALES Y SOCIOSANITARIOS DE TENERIFE,SANTA CRUZ DE TENERIFE,2003,SISTEMAS DE INFORMACION GEOGRAFICA Y CARTOGRAFICA,,"28.699565, -16.221129",28.699565,-16.221129,28.583479893617024,-16.33721410638298,28.583479893617024,-16.33721410638298
DISEÑO DE PROPUESTA DE ARCHIVO Y LOCALIZACIÓN DE LA INFORMACIÓN DIGITAL DEL SISTEMA DE INFORMACIÓN GEOGRÁFICA DEL CABILDO DE TENERIFE,SANTA CRUZ DE TENERIFE,2003,SISTEMAS DE INFORMACION GEOGRAFICA Y CARTOGRAFICA,,"28.701565, -16.219129",28.701565,-16.219129,28.583479893617024,-16.33721410638298,28.583479893617024,-16.33721410638298
DISEÑO DE PROPUESTA DE BASE DE DATOS (METADATO) DE DESCRIPCIÓN DE LAS CARACTERÍSTICAS DE LA INFORMACIÓN EXISTENTE EN EL MOTOR GEOGRÁFICO DEL CABILDO DE TENERIFE (INTRAMAP),SANTA CRUZ DE TENERIFE,2002,SISTEMAS DE INFORMACION GEOGRAFICA Y CARTOGRAFICA,,"28.703565, -16.217129",28.703565,-16.217129,28.583479893617024,-16.33721410638298,28.583479893617024,-16.33721410638298
INCERSIÓN DE LOS DATOS DE EMPLAZAMIENTO DE VÍAS Y NÚMEROS DE EDIFICIOS EN LA CARTOGRAFÍA DIGITAL DE CANARIAS,SANTA CRUZ DE TENERIFE,2001,SISTEMAS DE INFORMACION GEOGRAFICA Y CARTOGRAFICA,,"28.705565, -16.215129",28.705565,-16.215129,28.583479893617024,-16.33721410638298,28.583479893617024,-16.33721410638298
"INFORME PATRIMONIAL DE LA MONTAÑA DEL DRAGO (SAN CRISTÓBAL DE LA LAGUNA, TENERIFE).",SAN CRISTOBAL DE LA LAGUNA,EN REDACCION,PATRIMONIO,,"28.707565, -16.213129",28.707565,-16.213129,28.51233423076923,-16.408359769230767,28.51233423076923,-16.408359769230767
SERVICIOS DE “VALORACIÓN PATRIMONIAL POSIBLES EVIDENCIAS ARQUEOLÓGICAS EN SUBSUELO DEL CASCO HISTÓRICO DE EL PASO” (LA PALMA).,EL PASO,EN REDACCION,PATRIMONIO,,"28.760700, -17.772700",28.7607,-17.7727,28.7257,-17.8077,28.7257,-17.8077
"INFORME PATRIMONIAL DE PUNTA BLANCA (GUÍA DE ISORA, TENERIFE)",GUIA DE ISORA,2022,PATRIMONIO,,"28.709565, -16.211129",28.709565,-16.211129,28.473031666666667,-16.447662333333334,28.473031666666667,-16.447662333333334
"INFORME DE IMPACTO PATRIMONIAL DEL PROYECTO FOTOVOLTAICO EN LA ZONA DE TAGORO, ARICO.",ARICO,2022,PATRIMONIO,,"28.711565, -16.209129",28.711565,-16.209129,28.485038684210526,-16.43565531578947,28.485038684210526,-16.43565531578947
ASESORÍA TÉCNICA PARA CREACIÓN DE UN PARQUE ARQUEOLÓGICO EN EL BIC DE ZONA ARQUEOLÓGICA DE LA BARRANQUERA,SAN CRISTOBAL DE LA LAGUNA,2021,PATRIMONIO,,"28.713565, -16.207129",28.713565,-16.207129,28.51233423076923,-16.408359769230767,28.51233423076923,-16.408359769230767
"REDACCIÓN DEL CATÁLOGO DE PATRIMONIO DE ANTIGUA (CATÁLOGOS ARQUEOLÓGICO, CATÁLOGO ETNOGRÁFICO Y CATÁLOGO PALEONTOLÓGICO). FUERTEVENTURA.",ANTIGUA,2020,PATRIMONIO,,"28.355300, -13.994700",28.3553,-13.9947,28.3428,-14.007200000000001,28.3428,-14.007200000000001
ESTUDIO TÉCNICO DE PROSPECCIÓN ARQUEOLÓGICA (INFORME DE IMPACTO ARQUEOLÓGICO) DE PROYECTO DE PARQUE EÓLICO SAN JUAN EN ARICO. TENERIFE,ARICO,2019,PATRIMONIO,,"28.715565, -16.205129",28.715565,-16.205129,28.485038684210526,-16.43565531578947,28.485038684210526,-16.43565531578947
ESTUDIO TÉCNICO DE PROSPECCIÓN ARQUEOLÓGICA (INFORME DE IMPACTO ARQUEOLÓGICO) DE PROYECTOS DE PARQUES EÓLICOS EN ARICO. TENERIFE,ARICO,2017,PATRIMONIO,,"28.717565, -16.203129",28.717565,-16.203129,28.485038684210526,-16.43565531578947,28.485038684210526,-16.43565531578947
ESTUDIO TÉCNICO DE PROSPECCIÓN ARQUEOLÓGICA (INFORME DE IMPACTO ARQUEOLÓGICO) DE PROYECTO DE URBANIZACIÓN SECTOR COSTA SAN JUAN. GUÍA DE ISORA. TENERIFE,GUIA DE ISORA,2017,PATRIMONIO,,"28.719565, -16.201129",28.719565,-16.201129,28.473031666666667,-16.447662333333334,28.473031666666667,-16.447662333333334
DISEÑO DE CONTENIDOS PARA EXPOSICIÓN ITINERANTE “LAGARES ANTIGUOS DE TENERIFE”.,SANTA CRUZ DE TENERIFE,2016,PATRIMONIO,,"28.721565, -16.199129",28.721565,-16.199129,28.583479893617024,-16.33721410638298,28.583479893617024,-16.33721410638298
ESTUDIO TÉCNICO DE PROSPECCIÓN ARQUEOLÓGICA (INFORME DE IMPACTO ARQUEOLÓGICO) DE PROYECTOS DE PARQUES EÓLICOS EN ARICO,ARICO,2016,PATRIMONIO,,"28.723565, -16.197129",28.723565,-16.197129,28.485038684210526,-16.43565531578947,28.485038684210526,-16.43565531578947
PROYECTO DE REHABILITACIÓN E INTERPRETACIÓN DEL CAMINO TRADICIONAL DE LAS LAJAS (SAN MIGUEL DE ABONA),SAN MIGUEL DE ABONA,2010,PATRIMONIO,,"28.725565, -16.195129",28.725565,-16.195129,28.558565,-16.362129,28.558565,-16.362129
PROYECTO DE REHABILITACIÓN E INTERPRETACIÓN DEL CAMINO TRADICIONAL DE LA FUENTE DE TAMAIDE (SAN MIGUEL DE ABONA),SAN MIGUEL DE ABONA,2009,PATRIMONIO,,"28.727565, -16.193129",28.727565,-16.193129,28.558565,-16.362129,28.558565,-16.362129
INFORME ARQUEOLÓGICO FINCA MARZAGÁN –ARICO (TENERIFE),ARICO,2007,PATRIMONIO,,"28.729565, -16.191129",28.729565,-16.191129,28.485038684210526,-16.43565531578947,28.485038684210526,-16.43565531578947
RECOGIDA MATERIALES ARQUEOLÓGICOS FINCA EL BAILADERO-ARICO (TENERIFE),ARICO,2007,PATRIMONIO,,"28.731565, -16.189129",28.731565,-16.189129,28.485038684210526,-16.43565531578947,28.485038684210526,-16.43565531578947
INFORME ARQUEOLÓGICO PARCELAS EN MUNICIPIO DE ARICO (TENERIFE),ARICO,2007,PATRIMONIO,,"28.733565, -16.187129",28.733565,-16.187129,28.485038684210526,-16.43565531578947,28.485038684210526,-16.43565531578947
